user_id,email,password_dung,password_sai,ho_ten
503,an.nguyen001@lockout.eshop.vn,MatKhau123!,MatKhauSai999!,Nguyễn Văn An
504,bich.tran002@lockout.eshop.vn,MatKhau123!,MatKhauSai999!,Trần Thị Bích
505,cuong.le003@lockout.eshop.vn,MatKhau123!,MatKhauSai999!,Lê Văn Cường
508,dung.pham004@lockout.eshop.vn,MatKhau123!,MatKhauSai999!,Phạm Thị Dung
507,dat.hoang005@lockout.eshop.vn,MatKhau123!,MatKhauSai999!,Hoàng Văn Đạt
506,hanh.huynh006@lockout.eshop.vn,MatKhau123!,MatKhauSai999!,Huỳnh Thị Hạnh
510,hung.phan007@lockout.eshop.vn,MatKhau123!,MatKhauSai999!,Phan Văn Hùng
509,huong.vu008@lockout.eshop.vn,MatKhau123!,MatKhauSai999!,Vũ Thị Hương
511,khoa.vo009@lockout.eshop.vn,MatKhau123!,MatKhauSai999!,Võ Văn Khoa
512,linh.dang010@lockout.eshop.vn,MatKhau123!,MatKhauSai999!,Đặng Thị Linh
516,nam.bui011@lockout.eshop.vn,MatKhau123!,MatKhauSai999!,Bùi Văn Nam
515,nga.do012@lockout.eshop.vn,MatKhau123!,MatKhauSai999!,Đỗ Thị Nga
514,phong.ho013@lockout.eshop.vn,MatKhau123!,MatKhauSai999!,Hồ Văn Phong
513,nhung.ngo014@lockout.eshop.vn,MatKhau123!,MatKhauSai999!,Ngô Thị Nhung
517,quan.duong015@lockout.eshop.vn,MatKhau123!,MatKhauSai999!,Dương Văn Quân
518,phuong.ly016@lockout.eshop.vn,MatKhau123!,MatKhauSai999!,Lý Thị Phương
519,tai.dinh017@lockout.eshop.vn,MatKhau123!,MatKhauSai999!,Đinh Văn Tài
520,thao.truong018@lockout.eshop.vn,MatKhau123!,MatKhauSai999!,Trương Thị Thảo
521,tien.mai019@lockout.eshop.vn,MatKhau123!,MatKhauSai999!,Mai Văn Tiến
522,uyen.chu020@lockout.eshop.vn,MatKhau123!,MatKhauSai999!,Chu Thị Uyên
523,tuan.nguyen021@lockout.eshop.vn,MatKhau123!,MatKhauSai999!,Nguyễn Hữu Tuấn
524,yen.tran022@lockout.eshop.vn,MatKhau123!,MatKhauSai999!,Trần Thanh Yến
526,kien.le023@lockout.eshop.vn,MatKhau123!,MatKhauSai999!,Lê Hữu Kiên
525,diem.pham024@lockout.eshop.vn,MatKhau123!,MatKhauSai999!,Phạm Thanh Diễm
527,an.hoang025@lockout.eshop.vn,MatKhau123!,MatKhauSai999!,Hoàng Hữu An
531,bich.huynh026@lockout.eshop.vn,MatKhau123!,MatKhauSai999!,Huỳnh Thanh Bích
528,cuong.phan027@lockout.eshop.vn,MatKhau123!,MatKhauSai999!,Phan Hữu Cường
529,dung.vu028@lockout.eshop.vn,MatKhau123!,MatKhauSai999!,Vũ Thanh Dung
532,dat.vo029@lockout.eshop.vn,MatKhau123!,MatKhauSai999!,Võ Hữu Đạt
530,hanh.dang030@lockout.eshop.vn,MatKhau123!,MatKhauSai999!,Đặng Thanh Hạnh
