user_id,email,password,ho_ten,dia_chi,so_dien_thoai
3,an.nguyen001@load.eshop.vn,MatKhau123!,Nguyễn Văn An,"12 Nguyễn Văn Cừ, Phường Cầu Kho, Quận 1, TP. Hồ Chí Minh",0321000000
5,bich.tran002@load.eshop.vn,MatKhau123!,Trần Thị Bích,"19 Lê Lợi, Phường Bến Nghé, Quận 1, TP. Hồ Chí Minh",0331074519
4,cuong.le003@load.eshop.vn,MatKhau123!,Lê Văn Cường,"26 Điện Biên Phủ, Phường 15, Quận Bình Thạnh, TP. Hồ Chí Minh",0341149038
6,dung.pham004@load.eshop.vn,MatKhau123!,Phạm Thị Dung,"33 Cách Mạng Tháng Tám, Phường 11, Quận 3, TP. Hồ Chí Minh",0351223557
12,dat.hoang005@load.eshop.vn,MatKhau123!,Hoàng Văn Đạt,"40 Nguyễn Thị Minh Khai, Phường Đa Kao, Quận 1, TP. Hồ Chí Minh",0361298076
7,hanh.huynh006@load.eshop.vn,MatKhau123!,Huỳnh Thị Hạnh,"47 Sư Vạn Hạnh, Phường 12, Quận 10, TP. Hồ Chí Minh",0371372595
8,hung.phan007@load.eshop.vn,MatKhau123!,Phan Văn Hùng,"54 Quang Trung, Phường 10, Quận Gò Vấp, TP. Hồ Chí Minh",0381447114
9,huong.vu008@load.eshop.vn,MatKhau123!,Vũ Thị Hương,"61 Phạm Văn Đồng, Phường Linh Đông, Quận Thủ Đức, TP. Hồ Chí Minh",0391521633
10,khoa.vo009@load.eshop.vn,MatKhau123!,Võ Văn Khoa,"68 Xô Viết Nghệ Tĩnh, Phường 17, Quận Bình Thạnh, TP. Hồ Chí Minh",0701596152
13,linh.dang010@load.eshop.vn,MatKhau123!,Đặng Thị Linh,"75 Cầu Giấy, Phường Dịch Vọng, Quận Cầu Giấy, Hà Nội",0761670671
11,nam.bui011@load.eshop.vn,MatKhau123!,Bùi Văn Nam,"82 Nguyễn Trãi, Phường Thượng Đình, Quận Thanh Xuân, Hà Nội",0771745190
14,nga.do012@load.eshop.vn,MatKhau123!,Đỗ Thị Nga,"89 Giải Phóng, Phường Phương Liệt, Quận Thanh Xuân, Hà Nội",0781819709
16,phong.ho013@load.eshop.vn,MatKhau123!,Hồ Văn Phong,"96 Xuân Thủy, Phường Dịch Vọng Hậu, Quận Cầu Giấy, Hà Nội",0791894228
15,nhung.ngo014@load.eshop.vn,MatKhau123!,Ngô Thị Nhung,"103 Bà Triệu, Phường Nguyễn Du, Quận Hai Bà Trưng, Hà Nội",0811968747
20,quan.duong015@load.eshop.vn,MatKhau123!,Dương Văn Quân,"110 Tây Sơn, Phường Quang Trung, Quận Đống Đa, Hà Nội",0822043266
21,phuong.ly016@load.eshop.vn,MatKhau123!,Lý Thị Phương,"117 Nguyễn Văn Linh, Phường Nam Dương, Quận Hải Châu, Đà Nẵng",0832117785
17,tai.dinh017@load.eshop.vn,MatKhau123!,Đinh Văn Tài,"124 Lê Duẩn, Phường Thạch Thang, Quận Hải Châu, Đà Nẵng",0842192304
23,thao.truong018@load.eshop.vn,MatKhau123!,Trương Thị Thảo,"131 Nguyễn Tất Thành, Phường Thanh Bình, Quận Hải Châu, Đà Nẵng",0852266823
24,tien.mai019@load.eshop.vn,MatKhau123!,Mai Văn Tiến,"138 Trần Hưng Đạo, Phường Vĩnh Ninh, TP. Huế, Thừa Thiên Huế",0862341342
18,uyen.chu020@load.eshop.vn,MatKhau123!,Chu Thị Uyên,"145 Nguyễn Văn Cừ, Phường An Bình, TP. Biên Hòa, Đồng Nai",0882415861
19,tuan.nguyen021@load.eshop.vn,MatKhau123!,Nguyễn Hữu Tuấn,"152 Hùng Vương, Phường 1, TP. Vũng Tàu, Bà Rịa - Vũng Tàu",0902490380
22,yen.tran022@load.eshop.vn,MatKhau123!,Trần Thanh Yến,"159 Trần Phú, Phường Lộc Thọ, TP. Nha Trang, Khánh Hòa",0912564899
25,kien.le023@load.eshop.vn,MatKhau123!,Lê Hữu Kiên,"166 Nguyễn Huệ, Phường Xuân Khánh, Quận Ninh Kiều, Cần Thơ",0932639418
31,diem.pham024@load.eshop.vn,MatKhau123!,Phạm Thanh Diễm,"173 Hai Bà Trưng, Phường 6, TP. Đà Lạt, Lâm Đồng",0942713937
26,an.hoang025@load.eshop.vn,MatKhau123!,Hoàng Hữu An,"180 Nguyễn Văn Cừ, Phường Cầu Kho, Quận 1, TP. Hồ Chí Minh",0962788456
27,bich.huynh026@load.eshop.vn,MatKhau123!,Huỳnh Thanh Bích,"187 Lê Lợi, Phường Bến Nghé, Quận 1, TP. Hồ Chí Minh",0972862975
28,cuong.phan027@load.eshop.vn,MatKhau123!,Phan Hữu Cường,"194 Điện Biên Phủ, Phường 15, Quận Bình Thạnh, TP. Hồ Chí Minh",0982937494
29,dung.vu028@load.eshop.vn,MatKhau123!,Vũ Thanh Dung,"201 Cách Mạng Tháng Tám, Phường 11, Quận 3, TP. Hồ Chí Minh",0323012013
30,dat.vo029@load.eshop.vn,MatKhau123!,Võ Hữu Đạt,"208 Nguyễn Thị Minh Khai, Phường Đa Kao, Quận 1, TP. Hồ Chí Minh",0333086532
32,hanh.dang030@load.eshop.vn,MatKhau123!,Đặng Thanh Hạnh,"215 Sư Vạn Hạnh, Phường 12, Quận 10, TP. Hồ Chí Minh",0343161051
33,hung.bui031@load.eshop.vn,MatKhau123!,Bùi Hữu Hùng,"222 Quang Trung, Phường 10, Quận Gò Vấp, TP. Hồ Chí Minh",0353235570
35,huong.do032@load.eshop.vn,MatKhau123!,Đỗ Thanh Hương,"229 Phạm Văn Đồng, Phường Linh Đông, Quận Thủ Đức, TP. Hồ Chí Minh",0363310089
34,khoa.ho033@load.eshop.vn,MatKhau123!,Hồ Hữu Khoa,"236 Xô Viết Nghệ Tĩnh, Phường 17, Quận Bình Thạnh, TP. Hồ Chí Minh",0373384608
39,linh.ngo034@load.eshop.vn,MatKhau123!,Ngô Thanh Linh,"243 Cầu Giấy, Phường Dịch Vọng, Quận Cầu Giấy, Hà Nội",0383459127
38,nam.duong035@load.eshop.vn,MatKhau123!,Dương Hữu Nam,"250 Nguyễn Trãi, Phường Thượng Đình, Quận Thanh Xuân, Hà Nội",0393533646
36,nga.ly036@load.eshop.vn,MatKhau123!,Lý Thanh Nga,"257 Giải Phóng, Phường Phương Liệt, Quận Thanh Xuân, Hà Nội",0703608165
37,phong.dinh037@load.eshop.vn,MatKhau123!,Đinh Hữu Phong,"264 Xuân Thủy, Phường Dịch Vọng Hậu, Quận Cầu Giấy, Hà Nội",0763682684
43,nhung.truong038@load.eshop.vn,MatKhau123!,Trương Thanh Nhung,"271 Bà Triệu, Phường Nguyễn Du, Quận Hai Bà Trưng, Hà Nội",0773757203
41,quan.mai039@load.eshop.vn,MatKhau123!,Mai Hữu Quân,"278 Tây Sơn, Phường Quang Trung, Quận Đống Đa, Hà Nội",0783831722
42,phuong.chu040@load.eshop.vn,MatKhau123!,Chu Thanh Phương,"285 Nguyễn Văn Linh, Phường Nam Dương, Quận Hải Châu, Đà Nẵng",0793906241
40,tai.nguyen041@load.eshop.vn,MatKhau123!,Nguyễn Minh Tài,"292 Lê Duẩn, Phường Thạch Thang, Quận Hải Châu, Đà Nẵng",0813980760
44,thao.tran042@load.eshop.vn,MatKhau123!,Trần Ngọc Thảo,"299 Nguyễn Tất Thành, Phường Thanh Bình, Quận Hải Châu, Đà Nẵng",0824055279
45,tien.le043@load.eshop.vn,MatKhau123!,Lê Minh Tiến,"18 Trần Hưng Đạo, Phường Vĩnh Ninh, TP. Huế, Thừa Thiên Huế",0834129798
46,uyen.pham044@load.eshop.vn,MatKhau123!,Phạm Ngọc Uyên,"25 Nguyễn Văn Cừ, Phường An Bình, TP. Biên Hòa, Đồng Nai",0844204317
49,tuan.hoang045@load.eshop.vn,MatKhau123!,Hoàng Minh Tuấn,"32 Hùng Vương, Phường 1, TP. Vũng Tàu, Bà Rịa - Vũng Tàu",0854278836
47,yen.huynh046@load.eshop.vn,MatKhau123!,Huỳnh Ngọc Yến,"39 Trần Phú, Phường Lộc Thọ, TP. Nha Trang, Khánh Hòa",0864353355
51,kien.phan047@load.eshop.vn,MatKhau123!,Phan Minh Kiên,"46 Nguyễn Huệ, Phường Xuân Khánh, Quận Ninh Kiều, Cần Thơ",0884427874
48,diem.vu048@load.eshop.vn,MatKhau123!,Vũ Ngọc Diễm,"53 Hai Bà Trưng, Phường 6, TP. Đà Lạt, Lâm Đồng",0904502393
50,an.vo049@load.eshop.vn,MatKhau123!,Võ Minh An,"60 Nguyễn Văn Cừ, Phường Cầu Kho, Quận 1, TP. Hồ Chí Minh",0914576912
52,bich.dang050@load.eshop.vn,MatKhau123!,Đặng Ngọc Bích,"67 Lê Lợi, Phường Bến Nghé, Quận 1, TP. Hồ Chí Minh",0934651431
54,cuong.bui051@load.eshop.vn,MatKhau123!,Bùi Minh Cường,"74 Điện Biên Phủ, Phường 15, Quận Bình Thạnh, TP. Hồ Chí Minh",0944725950
53,dung.do052@load.eshop.vn,MatKhau123!,Đỗ Ngọc Dung,"81 Cách Mạng Tháng Tám, Phường 11, Quận 3, TP. Hồ Chí Minh",0964800469
55,dat.ho053@load.eshop.vn,MatKhau123!,Hồ Minh Đạt,"88 Nguyễn Thị Minh Khai, Phường Đa Kao, Quận 1, TP. Hồ Chí Minh",0974874988
56,hanh.ngo054@load.eshop.vn,MatKhau123!,Ngô Ngọc Hạnh,"95 Sư Vạn Hạnh, Phường 12, Quận 10, TP. Hồ Chí Minh",0984949507
57,hung.duong055@load.eshop.vn,MatKhau123!,Dương Minh Hùng,"102 Quang Trung, Phường 10, Quận Gò Vấp, TP. Hồ Chí Minh",0325024026
58,huong.ly056@load.eshop.vn,MatKhau123!,Lý Ngọc Hương,"109 Phạm Văn Đồng, Phường Linh Đông, Quận Thủ Đức, TP. Hồ Chí Minh",0335098545
62,khoa.dinh057@load.eshop.vn,MatKhau123!,Đinh Minh Khoa,"116 Xô Viết Nghệ Tĩnh, Phường 17, Quận Bình Thạnh, TP. Hồ Chí Minh",0345173064
63,linh.truong058@load.eshop.vn,MatKhau123!,Trương Ngọc Linh,"123 Cầu Giấy, Phường Dịch Vọng, Quận Cầu Giấy, Hà Nội",0355247583
59,nam.mai059@load.eshop.vn,MatKhau123!,Mai Minh Nam,"130 Nguyễn Trãi, Phường Thượng Đình, Quận Thanh Xuân, Hà Nội",0365322102
61,nga.chu060@load.eshop.vn,MatKhau123!,Chu Ngọc Nga,"137 Giải Phóng, Phường Phương Liệt, Quận Thanh Xuân, Hà Nội",0375396621
60,phong.nguyen061@load.eshop.vn,MatKhau123!,Nguyễn Quang Phong,"144 Xuân Thủy, Phường Dịch Vọng Hậu, Quận Cầu Giấy, Hà Nội",0385471140
64,nhung.tran062@load.eshop.vn,MatKhau123!,Trần Thu Nhung,"151 Bà Triệu, Phường Nguyễn Du, Quận Hai Bà Trưng, Hà Nội",0395545659
65,quan.le063@load.eshop.vn,MatKhau123!,Lê Quang Quân,"158 Tây Sơn, Phường Quang Trung, Quận Đống Đa, Hà Nội",0705620178
66,phuong.pham064@load.eshop.vn,MatKhau123!,Phạm Thu Phương,"165 Nguyễn Văn Linh, Phường Nam Dương, Quận Hải Châu, Đà Nẵng",0765694697
67,tai.hoang065@load.eshop.vn,MatKhau123!,Hoàng Quang Tài,"172 Lê Duẩn, Phường Thạch Thang, Quận Hải Châu, Đà Nẵng",0775769216
68,thao.huynh066@load.eshop.vn,MatKhau123!,Huỳnh Thu Thảo,"179 Nguyễn Tất Thành, Phường Thanh Bình, Quận Hải Châu, Đà Nẵng",0785843735
69,tien.phan067@load.eshop.vn,MatKhau123!,Phan Quang Tiến,"186 Trần Hưng Đạo, Phường Vĩnh Ninh, TP. Huế, Thừa Thiên Huế",0795918254
70,uyen.vu068@load.eshop.vn,MatKhau123!,Vũ Thu Uyên,"193 Nguyễn Văn Cừ, Phường An Bình, TP. Biên Hòa, Đồng Nai",0815992773
71,tuan.vo069@load.eshop.vn,MatKhau123!,Võ Quang Tuấn,"200 Hùng Vương, Phường 1, TP. Vũng Tàu, Bà Rịa - Vũng Tàu",0826067292
72,yen.dang070@load.eshop.vn,MatKhau123!,Đặng Thu Yến,"207 Trần Phú, Phường Lộc Thọ, TP. Nha Trang, Khánh Hòa",0836141811
73,kien.bui071@load.eshop.vn,MatKhau123!,Bùi Quang Kiên,"214 Nguyễn Huệ, Phường Xuân Khánh, Quận Ninh Kiều, Cần Thơ",0846216330
78,diem.do072@load.eshop.vn,MatKhau123!,Đỗ Thu Diễm,"221 Hai Bà Trưng, Phường 6, TP. Đà Lạt, Lâm Đồng",0856290849
74,an.ho073@load.eshop.vn,MatKhau123!,Hồ Quang An,"228 Nguyễn Văn Cừ, Phường Cầu Kho, Quận 1, TP. Hồ Chí Minh",0866365368
75,bich.ngo074@load.eshop.vn,MatKhau123!,Ngô Thu Bích,"235 Lê Lợi, Phường Bến Nghé, Quận 1, TP. Hồ Chí Minh",0886439887
76,cuong.duong075@load.eshop.vn,MatKhau123!,Dương Quang Cường,"242 Điện Biên Phủ, Phường 15, Quận Bình Thạnh, TP. Hồ Chí Minh",0906514406
77,dung.ly076@load.eshop.vn,MatKhau123!,Lý Thu Dung,"249 Cách Mạng Tháng Tám, Phường 11, Quận 3, TP. Hồ Chí Minh",0916588925
79,dat.dinh077@load.eshop.vn,MatKhau123!,Đinh Quang Đạt,"256 Nguyễn Thị Minh Khai, Phường Đa Kao, Quận 1, TP. Hồ Chí Minh",0936663444
80,hanh.truong078@load.eshop.vn,MatKhau123!,Trương Thu Hạnh,"263 Sư Vạn Hạnh, Phường 12, Quận 10, TP. Hồ Chí Minh",0946737963
81,hung.mai079@load.eshop.vn,MatKhau123!,Mai Quang Hùng,"270 Quang Trung, Phường 10, Quận Gò Vấp, TP. Hồ Chí Minh",0966812482
82,huong.chu080@load.eshop.vn,MatKhau123!,Chu Thu Hương,"277 Phạm Văn Đồng, Phường Linh Đông, Quận Thủ Đức, TP. Hồ Chí Minh",0976887001
83,khoa.nguyen081@load.eshop.vn,MatKhau123!,Nguyễn Đức Khoa,"284 Xô Viết Nghệ Tĩnh, Phường 17, Quận Bình Thạnh, TP. Hồ Chí Minh",0986961520
88,linh.tran082@load.eshop.vn,MatKhau123!,Trần Kim Linh,"291 Cầu Giấy, Phường Dịch Vọng, Quận Cầu Giấy, Hà Nội",0327036039
84,nam.le083@load.eshop.vn,MatKhau123!,Lê Đức Nam,"298 Nguyễn Trãi, Phường Thượng Đình, Quận Thanh Xuân, Hà Nội",0337110558
89,nga.pham084@load.eshop.vn,MatKhau123!,Phạm Kim Nga,"17 Giải Phóng, Phường Phương Liệt, Quận Thanh Xuân, Hà Nội",0347185077
85,phong.hoang085@load.eshop.vn,MatKhau123!,Hoàng Đức Phong,"24 Xuân Thủy, Phường Dịch Vọng Hậu, Quận Cầu Giấy, Hà Nội",0357259596
86,nhung.huynh086@load.eshop.vn,MatKhau123!,Huỳnh Kim Nhung,"31 Bà Triệu, Phường Nguyễn Du, Quận Hai Bà Trưng, Hà Nội",0367334115
87,quan.phan087@load.eshop.vn,MatKhau123!,Phan Đức Quân,"38 Tây Sơn, Phường Quang Trung, Quận Đống Đa, Hà Nội",0377408634
90,phuong.vu088@load.eshop.vn,MatKhau123!,Vũ Kim Phương,"45 Nguyễn Văn Linh, Phường Nam Dương, Quận Hải Châu, Đà Nẵng",0387483153
91,tai.vo089@load.eshop.vn,MatKhau123!,Võ Đức Tài,"52 Lê Duẩn, Phường Thạch Thang, Quận Hải Châu, Đà Nẵng",0397557672
92,thao.dang090@load.eshop.vn,MatKhau123!,Đặng Kim Thảo,"59 Nguyễn Tất Thành, Phường Thanh Bình, Quận Hải Châu, Đà Nẵng",0707632191
93,tien.bui091@load.eshop.vn,MatKhau123!,Bùi Đức Tiến,"66 Trần Hưng Đạo, Phường Vĩnh Ninh, TP. Huế, Thừa Thiên Huế",0767706710
94,uyen.do092@load.eshop.vn,MatKhau123!,Đỗ Kim Uyên,"73 Nguyễn Văn Cừ, Phường An Bình, TP. Biên Hòa, Đồng Nai",0777781229
96,tuan.ho093@load.eshop.vn,MatKhau123!,Hồ Đức Tuấn,"80 Hùng Vương, Phường 1, TP. Vũng Tàu, Bà Rịa - Vũng Tàu",0787855748
97,yen.ngo094@load.eshop.vn,MatKhau123!,Ngô Kim Yến,"87 Trần Phú, Phường Lộc Thọ, TP. Nha Trang, Khánh Hòa",0797930267
95,kien.duong095@load.eshop.vn,MatKhau123!,Dương Đức Kiên,"94 Nguyễn Huệ, Phường Xuân Khánh, Quận Ninh Kiều, Cần Thơ",0818004786
98,diem.ly096@load.eshop.vn,MatKhau123!,Lý Kim Diễm,"101 Hai Bà Trưng, Phường 6, TP. Đà Lạt, Lâm Đồng",0828079305
99,an.dinh097@load.eshop.vn,MatKhau123!,Đinh Đức An,"108 Nguyễn Văn Cừ, Phường Cầu Kho, Quận 1, TP. Hồ Chí Minh",0838153824
101,bich.truong098@load.eshop.vn,MatKhau123!,Trương Kim Bích,"115 Lê Lợi, Phường Bến Nghé, Quận 1, TP. Hồ Chí Minh",0848228343
100,cuong.mai099@load.eshop.vn,MatKhau123!,Mai Đức Cường,"122 Điện Biên Phủ, Phường 15, Quận Bình Thạnh, TP. Hồ Chí Minh",0858302862
102,dung.chu100@load.eshop.vn,MatKhau123!,Chu Kim Dung,"129 Cách Mạng Tháng Tám, Phường 11, Quận 3, TP. Hồ Chí Minh",0868377381
103,dat.nguyen101@load.eshop.vn,MatKhau123!,Nguyễn Thành Đạt,"136 Nguyễn Thị Minh Khai, Phường Đa Kao, Quận 1, TP. Hồ Chí Minh",0888451900
105,hanh.tran102@load.eshop.vn,MatKhau123!,Trần Mỹ Hạnh,"143 Sư Vạn Hạnh, Phường 12, Quận 10, TP. Hồ Chí Minh",0908526419
106,hung.le103@load.eshop.vn,MatKhau123!,Lê Thành Hùng,"150 Quang Trung, Phường 10, Quận Gò Vấp, TP. Hồ Chí Minh",0918600938
104,huong.pham104@load.eshop.vn,MatKhau123!,Phạm Mỹ Hương,"157 Phạm Văn Đồng, Phường Linh Đông, Quận Thủ Đức, TP. Hồ Chí Minh",0938675457
107,khoa.hoang105@load.eshop.vn,MatKhau123!,Hoàng Thành Khoa,"164 Xô Viết Nghệ Tĩnh, Phường 17, Quận Bình Thạnh, TP. Hồ Chí Minh",0948749976
108,linh.huynh106@load.eshop.vn,MatKhau123!,Huỳnh Mỹ Linh,"171 Cầu Giấy, Phường Dịch Vọng, Quận Cầu Giấy, Hà Nội",0968824495
109,nam.phan107@load.eshop.vn,MatKhau123!,Phan Thành Nam,"178 Nguyễn Trãi, Phường Thượng Đình, Quận Thanh Xuân, Hà Nội",0978899014
110,nga.vu108@load.eshop.vn,MatKhau123!,Vũ Mỹ Nga,"185 Giải Phóng, Phường Phương Liệt, Quận Thanh Xuân, Hà Nội",0988973533
112,phong.vo109@load.eshop.vn,MatKhau123!,Võ Thành Phong,"192 Xuân Thủy, Phường Dịch Vọng Hậu, Quận Cầu Giấy, Hà Nội",0329048052
111,nhung.dang110@load.eshop.vn,MatKhau123!,Đặng Mỹ Nhung,"199 Bà Triệu, Phường Nguyễn Du, Quận Hai Bà Trưng, Hà Nội",0339122571
113,quan.bui111@load.eshop.vn,MatKhau123!,Bùi Thành Quân,"206 Tây Sơn, Phường Quang Trung, Quận Đống Đa, Hà Nội",0349197090
114,phuong.do112@load.eshop.vn,MatKhau123!,Đỗ Mỹ Phương,"213 Nguyễn Văn Linh, Phường Nam Dương, Quận Hải Châu, Đà Nẵng",0359271609
115,tai.ho113@load.eshop.vn,MatKhau123!,Hồ Thành Tài,"220 Lê Duẩn, Phường Thạch Thang, Quận Hải Châu, Đà Nẵng",0369346128
116,thao.ngo114@load.eshop.vn,MatKhau123!,Ngô Mỹ Thảo,"227 Nguyễn Tất Thành, Phường Thanh Bình, Quận Hải Châu, Đà Nẵng",0379420647
117,tien.duong115@load.eshop.vn,MatKhau123!,Dương Thành Tiến,"234 Trần Hưng Đạo, Phường Vĩnh Ninh, TP. Huế, Thừa Thiên Huế",0389495166
121,uyen.ly116@load.eshop.vn,MatKhau123!,Lý Mỹ Uyên,"241 Nguyễn Văn Cừ, Phường An Bình, TP. Biên Hòa, Đồng Nai",0399569685
118,tuan.dinh117@load.eshop.vn,MatKhau123!,Đinh Thành Tuấn,"248 Hùng Vương, Phường 1, TP. Vũng Tàu, Bà Rịa - Vũng Tàu",0709644204
122,yen.truong118@load.eshop.vn,MatKhau123!,Trương Mỹ Yến,"255 Trần Phú, Phường Lộc Thọ, TP. Nha Trang, Khánh Hòa",0769718723
119,kien.mai119@load.eshop.vn,MatKhau123!,Mai Thành Kiên,"262 Nguyễn Huệ, Phường Xuân Khánh, Quận Ninh Kiều, Cần Thơ",0779793242
123,diem.chu120@load.eshop.vn,MatKhau123!,Chu Mỹ Diễm,"269 Hai Bà Trưng, Phường 6, TP. Đà Lạt, Lâm Đồng",0789867761
120,an.nguyen121@load.eshop.vn,MatKhau123!,Nguyễn Bá An,"276 Nguyễn Văn Cừ, Phường Cầu Kho, Quận 1, TP. Hồ Chí Minh",0799942280
124,bich.tran122@load.eshop.vn,MatKhau123!,Trần Diệu Bích,"283 Lê Lợi, Phường Bến Nghé, Quận 1, TP. Hồ Chí Minh",0811016800
125,cuong.le123@load.eshop.vn,MatKhau123!,Lê Bá Cường,"290 Điện Biên Phủ, Phường 15, Quận Bình Thạnh, TP. Hồ Chí Minh",0821091319
127,dung.pham124@load.eshop.vn,MatKhau123!,Phạm Diệu Dung,"297 Cách Mạng Tháng Tám, Phường 11, Quận 3, TP. Hồ Chí Minh",0831165838
126,dat.hoang125@load.eshop.vn,MatKhau123!,Hoàng Bá Đạt,"16 Nguyễn Thị Minh Khai, Phường Đa Kao, Quận 1, TP. Hồ Chí Minh",0841240357
130,hanh.huynh126@load.eshop.vn,MatKhau123!,Huỳnh Diệu Hạnh,"23 Sư Vạn Hạnh, Phường 12, Quận 10, TP. Hồ Chí Minh",0851314876
128,hung.phan127@load.eshop.vn,MatKhau123!,Phan Bá Hùng,"30 Quang Trung, Phường 10, Quận Gò Vấp, TP. Hồ Chí Minh",0861389395
129,huong.vu128@load.eshop.vn,MatKhau123!,Vũ Diệu Hương,"37 Phạm Văn Đồng, Phường Linh Đông, Quận Thủ Đức, TP. Hồ Chí Minh",0881463914
131,khoa.vo129@load.eshop.vn,MatKhau123!,Võ Bá Khoa,"44 Xô Viết Nghệ Tĩnh, Phường 17, Quận Bình Thạnh, TP. Hồ Chí Minh",0901538433
132,linh.dang130@load.eshop.vn,MatKhau123!,Đặng Diệu Linh,"51 Cầu Giấy, Phường Dịch Vọng, Quận Cầu Giấy, Hà Nội",0911612952
133,nam.bui131@load.eshop.vn,MatKhau123!,Bùi Bá Nam,"58 Nguyễn Trãi, Phường Thượng Đình, Quận Thanh Xuân, Hà Nội",0931687471
135,nga.do132@load.eshop.vn,MatKhau123!,Đỗ Diệu Nga,"65 Giải Phóng, Phường Phương Liệt, Quận Thanh Xuân, Hà Nội",0941761990
134,phong.ho133@load.eshop.vn,MatKhau123!,Hồ Bá Phong,"72 Xuân Thủy, Phường Dịch Vọng Hậu, Quận Cầu Giấy, Hà Nội",0961836509
136,nhung.ngo134@load.eshop.vn,MatKhau123!,Ngô Diệu Nhung,"79 Bà Triệu, Phường Nguyễn Du, Quận Hai Bà Trưng, Hà Nội",0971911028
137,quan.duong135@load.eshop.vn,MatKhau123!,Dương Bá Quân,"86 Tây Sơn, Phường Quang Trung, Quận Đống Đa, Hà Nội",0981985547
140,phuong.ly136@load.eshop.vn,MatKhau123!,Lý Diệu Phương,"93 Nguyễn Văn Linh, Phường Nam Dương, Quận Hải Châu, Đà Nẵng",0322060066
141,tai.dinh137@load.eshop.vn,MatKhau123!,Đinh Bá Tài,"100 Lê Duẩn, Phường Thạch Thang, Quận Hải Châu, Đà Nẵng",0332134585
138,thao.truong138@load.eshop.vn,MatKhau123!,Trương Diệu Thảo,"107 Nguyễn Tất Thành, Phường Thanh Bình, Quận Hải Châu, Đà Nẵng",0342209104
139,tien.mai139@load.eshop.vn,MatKhau123!,Mai Bá Tiến,"114 Trần Hưng Đạo, Phường Vĩnh Ninh, TP. Huế, Thừa Thiên Huế",0352283623
142,uyen.chu140@load.eshop.vn,MatKhau123!,Chu Diệu Uyên,"121 Nguyễn Văn Cừ, Phường An Bình, TP. Biên Hòa, Đồng Nai",0362358142
143,tuan.nguyen141@load.eshop.vn,MatKhau123!,Nguyễn Xuân Tuấn,"128 Hùng Vương, Phường 1, TP. Vũng Tàu, Bà Rịa - Vũng Tàu",0372432661
144,yen.tran142@load.eshop.vn,MatKhau123!,Trần Khánh Yến,"135 Trần Phú, Phường Lộc Thọ, TP. Nha Trang, Khánh Hòa",0382507180
145,kien.le143@load.eshop.vn,MatKhau123!,Lê Xuân Kiên,"142 Nguyễn Huệ, Phường Xuân Khánh, Quận Ninh Kiều, Cần Thơ",0392581699
146,diem.pham144@load.eshop.vn,MatKhau123!,Phạm Khánh Diễm,"149 Hai Bà Trưng, Phường 6, TP. Đà Lạt, Lâm Đồng",0702656218
147,an.hoang145@load.eshop.vn,MatKhau123!,Hoàng Xuân An,"156 Nguyễn Văn Cừ, Phường Cầu Kho, Quận 1, TP. Hồ Chí Minh",0762730737
151,bich.huynh146@load.eshop.vn,MatKhau123!,Huỳnh Khánh Bích,"163 Lê Lợi, Phường Bến Nghé, Quận 1, TP. Hồ Chí Minh",0772805256
153,cuong.phan147@load.eshop.vn,MatKhau123!,Phan Xuân Cường,"170 Điện Biên Phủ, Phường 15, Quận Bình Thạnh, TP. Hồ Chí Minh",0782879775
148,dung.vu148@load.eshop.vn,MatKhau123!,Vũ Khánh Dung,"177 Cách Mạng Tháng Tám, Phường 11, Quận 3, TP. Hồ Chí Minh",0792954294
149,dat.vo149@load.eshop.vn,MatKhau123!,Võ Xuân Đạt,"184 Nguyễn Thị Minh Khai, Phường Đa Kao, Quận 1, TP. Hồ Chí Minh",0813028813
150,hanh.dang150@load.eshop.vn,MatKhau123!,Đặng Khánh Hạnh,"191 Sư Vạn Hạnh, Phường 12, Quận 10, TP. Hồ Chí Minh",0823103332
152,hung.bui151@load.eshop.vn,MatKhau123!,Bùi Xuân Hùng,"198 Quang Trung, Phường 10, Quận Gò Vấp, TP. Hồ Chí Minh",0833177851
154,huong.do152@load.eshop.vn,MatKhau123!,Đỗ Khánh Hương,"205 Phạm Văn Đồng, Phường Linh Đông, Quận Thủ Đức, TP. Hồ Chí Minh",0843252370
157,khoa.ho153@load.eshop.vn,MatKhau123!,Hồ Xuân Khoa,"212 Xô Viết Nghệ Tĩnh, Phường 17, Quận Bình Thạnh, TP. Hồ Chí Minh",0853326889
155,linh.ngo154@load.eshop.vn,MatKhau123!,Ngô Khánh Linh,"219 Cầu Giấy, Phường Dịch Vọng, Quận Cầu Giấy, Hà Nội",0863401408
156,nam.duong155@load.eshop.vn,MatKhau123!,Dương Xuân Nam,"226 Nguyễn Trãi, Phường Thượng Đình, Quận Thanh Xuân, Hà Nội",0883475927
158,nga.ly156@load.eshop.vn,MatKhau123!,Lý Khánh Nga,"233 Giải Phóng, Phường Phương Liệt, Quận Thanh Xuân, Hà Nội",0903550446
161,phong.dinh157@load.eshop.vn,MatKhau123!,Đinh Xuân Phong,"240 Xuân Thủy, Phường Dịch Vọng Hậu, Quận Cầu Giấy, Hà Nội",0913624965
159,nhung.truong158@load.eshop.vn,MatKhau123!,Trương Khánh Nhung,"247 Bà Triệu, Phường Nguyễn Du, Quận Hai Bà Trưng, Hà Nội",0933699484
160,quan.mai159@load.eshop.vn,MatKhau123!,Mai Xuân Quân,"254 Tây Sơn, Phường Quang Trung, Quận Đống Đa, Hà Nội",0943774003
162,phuong.chu160@load.eshop.vn,MatKhau123!,Chu Khánh Phương,"261 Nguyễn Văn Linh, Phường Nam Dương, Quận Hải Châu, Đà Nẵng",0963848522
163,tai.nguyen161@load.eshop.vn,MatKhau123!,Nguyễn Văn Tài,"268 Lê Duẩn, Phường Thạch Thang, Quận Hải Châu, Đà Nẵng",0973923041
164,thao.tran162@load.eshop.vn,MatKhau123!,Trần Thị Thảo,"275 Nguyễn Tất Thành, Phường Thanh Bình, Quận Hải Châu, Đà Nẵng",0983997560
165,tien.le163@load.eshop.vn,MatKhau123!,Lê Văn Tiến,"282 Trần Hưng Đạo, Phường Vĩnh Ninh, TP. Huế, Thừa Thiên Huế",0324072079
167,uyen.pham164@load.eshop.vn,MatKhau123!,Phạm Thị Uyên,"289 Nguyễn Văn Cừ, Phường An Bình, TP. Biên Hòa, Đồng Nai",0334146598
166,tuan.hoang165@load.eshop.vn,MatKhau123!,Hoàng Văn Tuấn,"296 Hùng Vương, Phường 1, TP. Vũng Tàu, Bà Rịa - Vũng Tàu",0344221117
168,yen.huynh166@load.eshop.vn,MatKhau123!,Huỳnh Thị Yến,"15 Trần Phú, Phường Lộc Thọ, TP. Nha Trang, Khánh Hòa",0354295636
169,kien.phan167@load.eshop.vn,MatKhau123!,Phan Văn Kiên,"22 Nguyễn Huệ, Phường Xuân Khánh, Quận Ninh Kiều, Cần Thơ",0364370155
170,diem.vu168@load.eshop.vn,MatKhau123!,Vũ Thị Diễm,"29 Hai Bà Trưng, Phường 6, TP. Đà Lạt, Lâm Đồng",0374444674
172,an.vo169@load.eshop.vn,MatKhau123!,Võ Văn An,"36 Nguyễn Văn Cừ, Phường Cầu Kho, Quận 1, TP. Hồ Chí Minh",0384519193
171,bich.dang170@load.eshop.vn,MatKhau123!,Đặng Thị Bích,"43 Lê Lợi, Phường Bến Nghé, Quận 1, TP. Hồ Chí Minh",0394593712
176,cuong.bui171@load.eshop.vn,MatKhau123!,Bùi Văn Cường,"50 Điện Biên Phủ, Phường 15, Quận Bình Thạnh, TP. Hồ Chí Minh",0704668231
173,dung.do172@load.eshop.vn,MatKhau123!,Đỗ Thị Dung,"57 Cách Mạng Tháng Tám, Phường 11, Quận 3, TP. Hồ Chí Minh",0764742750
174,dat.ho173@load.eshop.vn,MatKhau123!,Hồ Văn Đạt,"64 Nguyễn Thị Minh Khai, Phường Đa Kao, Quận 1, TP. Hồ Chí Minh",0774817269
178,hanh.ngo174@load.eshop.vn,MatKhau123!,Ngô Thị Hạnh,"71 Sư Vạn Hạnh, Phường 12, Quận 10, TP. Hồ Chí Minh",0784891788
175,hung.duong175@load.eshop.vn,MatKhau123!,Dương Văn Hùng,"78 Quang Trung, Phường 10, Quận Gò Vấp, TP. Hồ Chí Minh",0794966307
177,huong.ly176@load.eshop.vn,MatKhau123!,Lý Thị Hương,"85 Phạm Văn Đồng, Phường Linh Đông, Quận Thủ Đức, TP. Hồ Chí Minh",0815040826
179,khoa.dinh177@load.eshop.vn,MatKhau123!,Đinh Văn Khoa,"92 Xô Viết Nghệ Tĩnh, Phường 17, Quận Bình Thạnh, TP. Hồ Chí Minh",0825115345
180,linh.truong178@load.eshop.vn,MatKhau123!,Trương Thị Linh,"99 Cầu Giấy, Phường Dịch Vọng, Quận Cầu Giấy, Hà Nội",0835189864
181,nam.mai179@load.eshop.vn,MatKhau123!,Mai Văn Nam,"106 Nguyễn Trãi, Phường Thượng Đình, Quận Thanh Xuân, Hà Nội",0845264383
182,nga.chu180@load.eshop.vn,MatKhau123!,Chu Thị Nga,"113 Giải Phóng, Phường Phương Liệt, Quận Thanh Xuân, Hà Nội",0855338902
187,phong.nguyen181@load.eshop.vn,MatKhau123!,Nguyễn Hữu Phong,"120 Xuân Thủy, Phường Dịch Vọng Hậu, Quận Cầu Giấy, Hà Nội",0865413421
183,nhung.tran182@load.eshop.vn,MatKhau123!,Trần Thanh Nhung,"127 Bà Triệu, Phường Nguyễn Du, Quận Hai Bà Trưng, Hà Nội",0885487940
184,quan.le183@load.eshop.vn,MatKhau123!,Lê Hữu Quân,"134 Tây Sơn, Phường Quang Trung, Quận Đống Đa, Hà Nội",0905562459
185,phuong.pham184@load.eshop.vn,MatKhau123!,Phạm Thanh Phương,"141 Nguyễn Văn Linh, Phường Nam Dương, Quận Hải Châu, Đà Nẵng",0915636978
188,tai.hoang185@load.eshop.vn,MatKhau123!,Hoàng Hữu Tài,"148 Lê Duẩn, Phường Thạch Thang, Quận Hải Châu, Đà Nẵng",0935711497
186,thao.huynh186@load.eshop.vn,MatKhau123!,Huỳnh Thanh Thảo,"155 Nguyễn Tất Thành, Phường Thanh Bình, Quận Hải Châu, Đà Nẵng",0945786016
189,tien.phan187@load.eshop.vn,MatKhau123!,Phan Hữu Tiến,"162 Trần Hưng Đạo, Phường Vĩnh Ninh, TP. Huế, Thừa Thiên Huế",0965860535
190,uyen.vu188@load.eshop.vn,MatKhau123!,Vũ Thanh Uyên,"169 Nguyễn Văn Cừ, Phường An Bình, TP. Biên Hòa, Đồng Nai",0975935054
191,tuan.vo189@load.eshop.vn,MatKhau123!,Võ Hữu Tuấn,"176 Hùng Vương, Phường 1, TP. Vũng Tàu, Bà Rịa - Vũng Tàu",0986009573
192,yen.dang190@load.eshop.vn,MatKhau123!,Đặng Thanh Yến,"183 Trần Phú, Phường Lộc Thọ, TP. Nha Trang, Khánh Hòa",0326084092
194,kien.bui191@load.eshop.vn,MatKhau123!,Bùi Hữu Kiên,"190 Nguyễn Huệ, Phường Xuân Khánh, Quận Ninh Kiều, Cần Thơ",0336158611
195,diem.do192@load.eshop.vn,MatKhau123!,Đỗ Thanh Diễm,"197 Hai Bà Trưng, Phường 6, TP. Đà Lạt, Lâm Đồng",0346233130
193,an.ho193@load.eshop.vn,MatKhau123!,Hồ Hữu An,"204 Nguyễn Văn Cừ, Phường Cầu Kho, Quận 1, TP. Hồ Chí Minh",0356307649
196,bich.ngo194@load.eshop.vn,MatKhau123!,Ngô Thanh Bích,"211 Lê Lợi, Phường Bến Nghé, Quận 1, TP. Hồ Chí Minh",0366382168
197,cuong.duong195@load.eshop.vn,MatKhau123!,Dương Hữu Cường,"218 Điện Biên Phủ, Phường 15, Quận Bình Thạnh, TP. Hồ Chí Minh",0376456687
198,dung.ly196@load.eshop.vn,MatKhau123!,Lý Thanh Dung,"225 Cách Mạng Tháng Tám, Phường 11, Quận 3, TP. Hồ Chí Minh",0386531206
199,dat.dinh197@load.eshop.vn,MatKhau123!,Đinh Hữu Đạt,"232 Nguyễn Thị Minh Khai, Phường Đa Kao, Quận 1, TP. Hồ Chí Minh",0396605725
201,hanh.truong198@load.eshop.vn,MatKhau123!,Trương Thanh Hạnh,"239 Sư Vạn Hạnh, Phường 12, Quận 10, TP. Hồ Chí Minh",0706680244
200,hung.mai199@load.eshop.vn,MatKhau123!,Mai Hữu Hùng,"246 Quang Trung, Phường 10, Quận Gò Vấp, TP. Hồ Chí Minh",0766754763
202,huong.chu200@load.eshop.vn,MatKhau123!,Chu Thanh Hương,"253 Phạm Văn Đồng, Phường Linh Đông, Quận Thủ Đức, TP. Hồ Chí Minh",0776829282
203,khoa.nguyen201@load.eshop.vn,MatKhau123!,Nguyễn Minh Khoa,"260 Xô Viết Nghệ Tĩnh, Phường 17, Quận Bình Thạnh, TP. Hồ Chí Minh",0786903801
204,linh.tran202@load.eshop.vn,MatKhau123!,Trần Ngọc Linh,"267 Cầu Giấy, Phường Dịch Vọng, Quận Cầu Giấy, Hà Nội",0796978320
207,nam.le203@load.eshop.vn,MatKhau123!,Lê Minh Nam,"274 Nguyễn Trãi, Phường Thượng Đình, Quận Thanh Xuân, Hà Nội",0817052839
205,nga.pham204@load.eshop.vn,MatKhau123!,Phạm Ngọc Nga,"281 Giải Phóng, Phường Phương Liệt, Quận Thanh Xuân, Hà Nội",0827127358
206,phong.hoang205@load.eshop.vn,MatKhau123!,Hoàng Minh Phong,"288 Xuân Thủy, Phường Dịch Vọng Hậu, Quận Cầu Giấy, Hà Nội",0837201877
208,nhung.huynh206@load.eshop.vn,MatKhau123!,Huỳnh Ngọc Nhung,"295 Bà Triệu, Phường Nguyễn Du, Quận Hai Bà Trưng, Hà Nội",0847276396
209,quan.phan207@load.eshop.vn,MatKhau123!,Phan Minh Quân,"14 Tây Sơn, Phường Quang Trung, Quận Đống Đa, Hà Nội",0857350915
211,phuong.vu208@load.eshop.vn,MatKhau123!,Vũ Ngọc Phương,"21 Nguyễn Văn Linh, Phường Nam Dương, Quận Hải Châu, Đà Nẵng",0867425434
210,tai.vo209@load.eshop.vn,MatKhau123!,Võ Minh Tài,"28 Lê Duẩn, Phường Thạch Thang, Quận Hải Châu, Đà Nẵng",0887499953
212,thao.dang210@load.eshop.vn,MatKhau123!,Đặng Ngọc Thảo,"35 Nguyễn Tất Thành, Phường Thanh Bình, Quận Hải Châu, Đà Nẵng",0907574472
214,tien.bui211@load.eshop.vn,MatKhau123!,Bùi Minh Tiến,"42 Trần Hưng Đạo, Phường Vĩnh Ninh, TP. Huế, Thừa Thiên Huế",0917648991
215,uyen.do212@load.eshop.vn,MatKhau123!,Đỗ Ngọc Uyên,"49 Nguyễn Văn Cừ, Phường An Bình, TP. Biên Hòa, Đồng Nai",0937723510
213,tuan.ho213@load.eshop.vn,MatKhau123!,Hồ Minh Tuấn,"56 Hùng Vương, Phường 1, TP. Vũng Tàu, Bà Rịa - Vũng Tàu",0947798029
216,yen.ngo214@load.eshop.vn,MatKhau123!,Ngô Ngọc Yến,"63 Trần Phú, Phường Lộc Thọ, TP. Nha Trang, Khánh Hòa",0967872548
217,kien.duong215@load.eshop.vn,MatKhau123!,Dương Minh Kiên,"70 Nguyễn Huệ, Phường Xuân Khánh, Quận Ninh Kiều, Cần Thơ",0977947067
219,diem.ly216@load.eshop.vn,MatKhau123!,Lý Ngọc Diễm,"77 Hai Bà Trưng, Phường 6, TP. Đà Lạt, Lâm Đồng",0988021586
222,an.dinh217@load.eshop.vn,MatKhau123!,Đinh Minh An,"84 Nguyễn Văn Cừ, Phường Cầu Kho, Quận 1, TP. Hồ Chí Minh",0328096105
220,bich.truong218@load.eshop.vn,MatKhau123!,Trương Ngọc Bích,"91 Lê Lợi, Phường Bến Nghé, Quận 1, TP. Hồ Chí Minh",0338170624
218,cuong.mai219@load.eshop.vn,MatKhau123!,Mai Minh Cường,"98 Điện Biên Phủ, Phường 15, Quận Bình Thạnh, TP. Hồ Chí Minh",0348245143
221,dung.chu220@load.eshop.vn,MatKhau123!,Chu Ngọc Dung,"105 Cách Mạng Tháng Tám, Phường 11, Quận 3, TP. Hồ Chí Minh",0358319662
223,dat.nguyen221@load.eshop.vn,MatKhau123!,Nguyễn Quang Đạt,"112 Nguyễn Thị Minh Khai, Phường Đa Kao, Quận 1, TP. Hồ Chí Minh",0368394181
224,hanh.tran222@load.eshop.vn,MatKhau123!,Trần Thu Hạnh,"119 Sư Vạn Hạnh, Phường 12, Quận 10, TP. Hồ Chí Minh",0378468700
225,hung.le223@load.eshop.vn,MatKhau123!,Lê Quang Hùng,"126 Quang Trung, Phường 10, Quận Gò Vấp, TP. Hồ Chí Minh",0388543219
226,huong.pham224@load.eshop.vn,MatKhau123!,Phạm Thu Hương,"133 Phạm Văn Đồng, Phường Linh Đông, Quận Thủ Đức, TP. Hồ Chí Minh",0398617738
227,khoa.hoang225@load.eshop.vn,MatKhau123!,Hoàng Quang Khoa,"140 Xô Viết Nghệ Tĩnh, Phường 17, Quận Bình Thạnh, TP. Hồ Chí Minh",0708692257
228,linh.huynh226@load.eshop.vn,MatKhau123!,Huỳnh Thu Linh,"147 Cầu Giấy, Phường Dịch Vọng, Quận Cầu Giấy, Hà Nội",0768766776
230,nam.phan227@load.eshop.vn,MatKhau123!,Phan Quang Nam,"154 Nguyễn Trãi, Phường Thượng Đình, Quận Thanh Xuân, Hà Nội",0778841295
233,nga.vu228@load.eshop.vn,MatKhau123!,Vũ Thu Nga,"161 Giải Phóng, Phường Phương Liệt, Quận Thanh Xuân, Hà Nội",0788915814
234,phong.vo229@load.eshop.vn,MatKhau123!,Võ Quang Phong,"168 Xuân Thủy, Phường Dịch Vọng Hậu, Quận Cầu Giấy, Hà Nội",0798990333
229,nhung.dang230@load.eshop.vn,MatKhau123!,Đặng Thu Nhung,"175 Bà Triệu, Phường Nguyễn Du, Quận Hai Bà Trưng, Hà Nội",0819064852
235,quan.bui231@load.eshop.vn,MatKhau123!,Bùi Quang Quân,"182 Tây Sơn, Phường Quang Trung, Quận Đống Đa, Hà Nội",0829139371
231,phuong.do232@load.eshop.vn,MatKhau123!,Đỗ Thu Phương,"189 Nguyễn Văn Linh, Phường Nam Dương, Quận Hải Châu, Đà Nẵng",0839213890
232,tai.ho233@load.eshop.vn,MatKhau123!,Hồ Quang Tài,"196 Lê Duẩn, Phường Thạch Thang, Quận Hải Châu, Đà Nẵng",0849288409
236,thao.ngo234@load.eshop.vn,MatKhau123!,Ngô Thu Thảo,"203 Nguyễn Tất Thành, Phường Thanh Bình, Quận Hải Châu, Đà Nẵng",0859362928
237,tien.duong235@load.eshop.vn,MatKhau123!,Dương Quang Tiến,"210 Trần Hưng Đạo, Phường Vĩnh Ninh, TP. Huế, Thừa Thiên Huế",0869437447
238,uyen.ly236@load.eshop.vn,MatKhau123!,Lý Thu Uyên,"217 Nguyễn Văn Cừ, Phường An Bình, TP. Biên Hòa, Đồng Nai",0889511966
239,tuan.dinh237@load.eshop.vn,MatKhau123!,Đinh Quang Tuấn,"224 Hùng Vương, Phường 1, TP. Vũng Tàu, Bà Rịa - Vũng Tàu",0909586485
240,yen.truong238@load.eshop.vn,MatKhau123!,Trương Thu Yến,"231 Trần Phú, Phường Lộc Thọ, TP. Nha Trang, Khánh Hòa",0919661004
244,kien.mai239@load.eshop.vn,MatKhau123!,Mai Quang Kiên,"238 Nguyễn Huệ, Phường Xuân Khánh, Quận Ninh Kiều, Cần Thơ",0939735523
245,diem.chu240@load.eshop.vn,MatKhau123!,Chu Thu Diễm,"245 Hai Bà Trưng, Phường 6, TP. Đà Lạt, Lâm Đồng",0949810042
243,an.nguyen241@load.eshop.vn,MatKhau123!,Nguyễn Đức An,"252 Nguyễn Văn Cừ, Phường Cầu Kho, Quận 1, TP. Hồ Chí Minh",0969884561
241,bich.tran242@load.eshop.vn,MatKhau123!,Trần Kim Bích,"259 Lê Lợi, Phường Bến Nghé, Quận 1, TP. Hồ Chí Minh",0979959080
242,cuong.le243@load.eshop.vn,MatKhau123!,Lê Đức Cường,"266 Điện Biên Phủ, Phường 15, Quận Bình Thạnh, TP. Hồ Chí Minh",0981033600
246,dung.pham244@load.eshop.vn,MatKhau123!,Phạm Kim Dung,"273 Cách Mạng Tháng Tám, Phường 11, Quận 3, TP. Hồ Chí Minh",0321108119
248,dat.hoang245@load.eshop.vn,MatKhau123!,Hoàng Đức Đạt,"280 Nguyễn Thị Minh Khai, Phường Đa Kao, Quận 1, TP. Hồ Chí Minh",0331182638
247,hanh.huynh246@load.eshop.vn,MatKhau123!,Huỳnh Kim Hạnh,"287 Sư Vạn Hạnh, Phường 12, Quận 10, TP. Hồ Chí Minh",0341257157
249,hung.phan247@load.eshop.vn,MatKhau123!,Phan Đức Hùng,"294 Quang Trung, Phường 10, Quận Gò Vấp, TP. Hồ Chí Minh",0351331676
250,huong.vu248@load.eshop.vn,MatKhau123!,Vũ Kim Hương,"13 Phạm Văn Đồng, Phường Linh Đông, Quận Thủ Đức, TP. Hồ Chí Minh",0361406195
251,khoa.vo249@load.eshop.vn,MatKhau123!,Võ Đức Khoa,"20 Xô Viết Nghệ Tĩnh, Phường 17, Quận Bình Thạnh, TP. Hồ Chí Minh",0371480714
254,linh.dang250@load.eshop.vn,MatKhau123!,Đặng Kim Linh,"27 Cầu Giấy, Phường Dịch Vọng, Quận Cầu Giấy, Hà Nội",0381555233
255,nam.bui251@load.eshop.vn,MatKhau123!,Bùi Đức Nam,"34 Nguyễn Trãi, Phường Thượng Đình, Quận Thanh Xuân, Hà Nội",0391629752
256,nga.do252@load.eshop.vn,MatKhau123!,Đỗ Kim Nga,"41 Giải Phóng, Phường Phương Liệt, Quận Thanh Xuân, Hà Nội",0701704271
252,phong.ho253@load.eshop.vn,MatKhau123!,Hồ Đức Phong,"48 Xuân Thủy, Phường Dịch Vọng Hậu, Quận Cầu Giấy, Hà Nội",0761778790
253,nhung.ngo254@load.eshop.vn,MatKhau123!,Ngô Kim Nhung,"55 Bà Triệu, Phường Nguyễn Du, Quận Hai Bà Trưng, Hà Nội",0771853309
257,quan.duong255@load.eshop.vn,MatKhau123!,Dương Đức Quân,"62 Tây Sơn, Phường Quang Trung, Quận Đống Đa, Hà Nội",0781927828
258,phuong.ly256@load.eshop.vn,MatKhau123!,Lý Kim Phương,"69 Nguyễn Văn Linh, Phường Nam Dương, Quận Hải Châu, Đà Nẵng",0792002347
259,tai.dinh257@load.eshop.vn,MatKhau123!,Đinh Đức Tài,"76 Lê Duẩn, Phường Thạch Thang, Quận Hải Châu, Đà Nẵng",0812076866
260,thao.truong258@load.eshop.vn,MatKhau123!,Trương Kim Thảo,"83 Nguyễn Tất Thành, Phường Thanh Bình, Quận Hải Châu, Đà Nẵng",0822151385
261,tien.mai259@load.eshop.vn,MatKhau123!,Mai Đức Tiến,"90 Trần Hưng Đạo, Phường Vĩnh Ninh, TP. Huế, Thừa Thiên Huế",0832225904
262,uyen.chu260@load.eshop.vn,MatKhau123!,Chu Kim Uyên,"97 Nguyễn Văn Cừ, Phường An Bình, TP. Biên Hòa, Đồng Nai",0842300423
263,tuan.nguyen261@load.eshop.vn,MatKhau123!,Nguyễn Thành Tuấn,"104 Hùng Vương, Phường 1, TP. Vũng Tàu, Bà Rịa - Vũng Tàu",0852374942
264,yen.tran262@load.eshop.vn,MatKhau123!,Trần Mỹ Yến,"111 Trần Phú, Phường Lộc Thọ, TP. Nha Trang, Khánh Hòa",0862449461
265,kien.le263@load.eshop.vn,MatKhau123!,Lê Thành Kiên,"118 Nguyễn Huệ, Phường Xuân Khánh, Quận Ninh Kiều, Cần Thơ",0882523980
270,diem.pham264@load.eshop.vn,MatKhau123!,Phạm Mỹ Diễm,"125 Hai Bà Trưng, Phường 6, TP. Đà Lạt, Lâm Đồng",0902598499
266,an.hoang265@load.eshop.vn,MatKhau123!,Hoàng Thành An,"132 Nguyễn Văn Cừ, Phường Cầu Kho, Quận 1, TP. Hồ Chí Minh",0912673018
267,bich.huynh266@load.eshop.vn,MatKhau123!,Huỳnh Mỹ Bích,"139 Lê Lợi, Phường Bến Nghé, Quận 1, TP. Hồ Chí Minh",0932747537
268,cuong.phan267@load.eshop.vn,MatKhau123!,Phan Thành Cường,"146 Điện Biên Phủ, Phường 15, Quận Bình Thạnh, TP. Hồ Chí Minh",0942822056
269,dung.vu268@load.eshop.vn,MatKhau123!,Vũ Mỹ Dung,"153 Cách Mạng Tháng Tám, Phường 11, Quận 3, TP. Hồ Chí Minh",0962896575
271,dat.vo269@load.eshop.vn,MatKhau123!,Võ Thành Đạt,"160 Nguyễn Thị Minh Khai, Phường Đa Kao, Quận 1, TP. Hồ Chí Minh",0972971094
272,hanh.dang270@load.eshop.vn,MatKhau123!,Đặng Mỹ Hạnh,"167 Sư Vạn Hạnh, Phường 12, Quận 10, TP. Hồ Chí Minh",0983045613
273,hung.bui271@load.eshop.vn,MatKhau123!,Bùi Thành Hùng,"174 Quang Trung, Phường 10, Quận Gò Vấp, TP. Hồ Chí Minh",0323120132
274,huong.do272@load.eshop.vn,MatKhau123!,Đỗ Mỹ Hương,"181 Phạm Văn Đồng, Phường Linh Đông, Quận Thủ Đức, TP. Hồ Chí Minh",0333194651
277,khoa.ho273@load.eshop.vn,MatKhau123!,Hồ Thành Khoa,"188 Xô Viết Nghệ Tĩnh, Phường 17, Quận Bình Thạnh, TP. Hồ Chí Minh",0343269170
278,linh.ngo274@load.eshop.vn,MatKhau123!,Ngô Mỹ Linh,"195 Cầu Giấy, Phường Dịch Vọng, Quận Cầu Giấy, Hà Nội",0353343689
275,nam.duong275@load.eshop.vn,MatKhau123!,Dương Thành Nam,"202 Nguyễn Trãi, Phường Thượng Đình, Quận Thanh Xuân, Hà Nội",0363418208
276,nga.ly276@load.eshop.vn,MatKhau123!,Lý Mỹ Nga,"209 Giải Phóng, Phường Phương Liệt, Quận Thanh Xuân, Hà Nội",0373492727
279,phong.dinh277@load.eshop.vn,MatKhau123!,Đinh Thành Phong,"216 Xuân Thủy, Phường Dịch Vọng Hậu, Quận Cầu Giấy, Hà Nội",0383567246
281,nhung.truong278@load.eshop.vn,MatKhau123!,Trương Mỹ Nhung,"223 Bà Triệu, Phường Nguyễn Du, Quận Hai Bà Trưng, Hà Nội",0393641765
280,quan.mai279@load.eshop.vn,MatKhau123!,Mai Thành Quân,"230 Tây Sơn, Phường Quang Trung, Quận Đống Đa, Hà Nội",0703716284
282,phuong.chu280@load.eshop.vn,MatKhau123!,Chu Mỹ Phương,"237 Nguyễn Văn Linh, Phường Nam Dương, Quận Hải Châu, Đà Nẵng",0763790803
284,tai.nguyen281@load.eshop.vn,MatKhau123!,Nguyễn Bá Tài,"244 Lê Duẩn, Phường Thạch Thang, Quận Hải Châu, Đà Nẵng",0773865322
283,thao.tran282@load.eshop.vn,MatKhau123!,Trần Diệu Thảo,"251 Nguyễn Tất Thành, Phường Thanh Bình, Quận Hải Châu, Đà Nẵng",0783939841
285,tien.le283@load.eshop.vn,MatKhau123!,Lê Bá Tiến,"258 Trần Hưng Đạo, Phường Vĩnh Ninh, TP. Huế, Thừa Thiên Huế",0794014360
286,uyen.pham284@load.eshop.vn,MatKhau123!,Phạm Diệu Uyên,"265 Nguyễn Văn Cừ, Phường An Bình, TP. Biên Hòa, Đồng Nai",0814088879
289,tuan.hoang285@load.eshop.vn,MatKhau123!,Hoàng Bá Tuấn,"272 Hùng Vương, Phường 1, TP. Vũng Tàu, Bà Rịa - Vũng Tàu",0824163398
287,yen.huynh286@load.eshop.vn,MatKhau123!,Huỳnh Diệu Yến,"279 Trần Phú, Phường Lộc Thọ, TP. Nha Trang, Khánh Hòa",0834237917
288,kien.phan287@load.eshop.vn,MatKhau123!,Phan Bá Kiên,"286 Nguyễn Huệ, Phường Xuân Khánh, Quận Ninh Kiều, Cần Thơ",0844312436
290,diem.vu288@load.eshop.vn,MatKhau123!,Vũ Diệu Diễm,"293 Hai Bà Trưng, Phường 6, TP. Đà Lạt, Lâm Đồng",0854386955
291,an.vo289@load.eshop.vn,MatKhau123!,Võ Bá An,"12 Nguyễn Văn Cừ, Phường Cầu Kho, Quận 1, TP. Hồ Chí Minh",0864461474
292,bich.dang290@load.eshop.vn,MatKhau123!,Đặng Diệu Bích,"19 Lê Lợi, Phường Bến Nghé, Quận 1, TP. Hồ Chí Minh",0884535993
293,cuong.bui291@load.eshop.vn,MatKhau123!,Bùi Bá Cường,"26 Điện Biên Phủ, Phường 15, Quận Bình Thạnh, TP. Hồ Chí Minh",0904610512
294,dung.do292@load.eshop.vn,MatKhau123!,Đỗ Diệu Dung,"33 Cách Mạng Tháng Tám, Phường 11, Quận 3, TP. Hồ Chí Minh",0914685031
295,dat.ho293@load.eshop.vn,MatKhau123!,Hồ Bá Đạt,"40 Nguyễn Thị Minh Khai, Phường Đa Kao, Quận 1, TP. Hồ Chí Minh",0934759550
296,hanh.ngo294@load.eshop.vn,MatKhau123!,Ngô Diệu Hạnh,"47 Sư Vạn Hạnh, Phường 12, Quận 10, TP. Hồ Chí Minh",0944834069
297,hung.duong295@load.eshop.vn,MatKhau123!,Dương Bá Hùng,"54 Quang Trung, Phường 10, Quận Gò Vấp, TP. Hồ Chí Minh",0964908588
298,huong.ly296@load.eshop.vn,MatKhau123!,Lý Diệu Hương,"61 Phạm Văn Đồng, Phường Linh Đông, Quận Thủ Đức, TP. Hồ Chí Minh",0974983107
299,khoa.dinh297@load.eshop.vn,MatKhau123!,Đinh Bá Khoa,"68 Xô Viết Nghệ Tĩnh, Phường 17, Quận Bình Thạnh, TP. Hồ Chí Minh",0985057626
300,linh.truong298@load.eshop.vn,MatKhau123!,Trương Diệu Linh,"75 Cầu Giấy, Phường Dịch Vọng, Quận Cầu Giấy, Hà Nội",0325132145
303,nam.mai299@load.eshop.vn,MatKhau123!,Mai Bá Nam,"82 Nguyễn Trãi, Phường Thượng Đình, Quận Thanh Xuân, Hà Nội",0335206664
301,nga.chu300@load.eshop.vn,MatKhau123!,Chu Diệu Nga,"89 Giải Phóng, Phường Phương Liệt, Quận Thanh Xuân, Hà Nội",0345281183
305,phong.nguyen301@load.eshop.vn,MatKhau123!,Nguyễn Xuân Phong,"96 Xuân Thủy, Phường Dịch Vọng Hậu, Quận Cầu Giấy, Hà Nội",0355355702
302,nhung.tran302@load.eshop.vn,MatKhau123!,Trần Khánh Nhung,"103 Bà Triệu, Phường Nguyễn Du, Quận Hai Bà Trưng, Hà Nội",0365430221
304,quan.le303@load.eshop.vn,MatKhau123!,Lê Xuân Quân,"110 Tây Sơn, Phường Quang Trung, Quận Đống Đa, Hà Nội",0375504740
307,phuong.pham304@load.eshop.vn,MatKhau123!,Phạm Khánh Phương,"117 Nguyễn Văn Linh, Phường Nam Dương, Quận Hải Châu, Đà Nẵng",0385579259
306,tai.hoang305@load.eshop.vn,MatKhau123!,Hoàng Xuân Tài,"124 Lê Duẩn, Phường Thạch Thang, Quận Hải Châu, Đà Nẵng",0395653778
308,thao.huynh306@load.eshop.vn,MatKhau123!,Huỳnh Khánh Thảo,"131 Nguyễn Tất Thành, Phường Thanh Bình, Quận Hải Châu, Đà Nẵng",0705728297
309,tien.phan307@load.eshop.vn,MatKhau123!,Phan Xuân Tiến,"138 Trần Hưng Đạo, Phường Vĩnh Ninh, TP. Huế, Thừa Thiên Huế",0765802816
311,uyen.vu308@load.eshop.vn,MatKhau123!,Vũ Khánh Uyên,"145 Nguyễn Văn Cừ, Phường An Bình, TP. Biên Hòa, Đồng Nai",0775877335
312,tuan.vo309@load.eshop.vn,MatKhau123!,Võ Xuân Tuấn,"152 Hùng Vương, Phường 1, TP. Vũng Tàu, Bà Rịa - Vũng Tàu",0785951854
310,yen.dang310@load.eshop.vn,MatKhau123!,Đặng Khánh Yến,"159 Trần Phú, Phường Lộc Thọ, TP. Nha Trang, Khánh Hòa",0796026373
313,kien.bui311@load.eshop.vn,MatKhau123!,Bùi Xuân Kiên,"166 Nguyễn Huệ, Phường Xuân Khánh, Quận Ninh Kiều, Cần Thơ",0816100892
314,diem.do312@load.eshop.vn,MatKhau123!,Đỗ Khánh Diễm,"173 Hai Bà Trưng, Phường 6, TP. Đà Lạt, Lâm Đồng",0826175411
315,an.ho313@load.eshop.vn,MatKhau123!,Hồ Xuân An,"180 Nguyễn Văn Cừ, Phường Cầu Kho, Quận 1, TP. Hồ Chí Minh",0836249930
318,bich.ngo314@load.eshop.vn,MatKhau123!,Ngô Khánh Bích,"187 Lê Lợi, Phường Bến Nghé, Quận 1, TP. Hồ Chí Minh",0846324449
319,cuong.duong315@load.eshop.vn,MatKhau123!,Dương Xuân Cường,"194 Điện Biên Phủ, Phường 15, Quận Bình Thạnh, TP. Hồ Chí Minh",0856398968
316,dung.ly316@load.eshop.vn,MatKhau123!,Lý Khánh Dung,"201 Cách Mạng Tháng Tám, Phường 11, Quận 3, TP. Hồ Chí Minh",0866473487
317,dat.dinh317@load.eshop.vn,MatKhau123!,Đinh Xuân Đạt,"208 Nguyễn Thị Minh Khai, Phường Đa Kao, Quận 1, TP. Hồ Chí Minh",0886548006
320,hanh.truong318@load.eshop.vn,MatKhau123!,Trương Khánh Hạnh,"215 Sư Vạn Hạnh, Phường 12, Quận 10, TP. Hồ Chí Minh",0906622525
321,hung.mai319@load.eshop.vn,MatKhau123!,Mai Xuân Hùng,"222 Quang Trung, Phường 10, Quận Gò Vấp, TP. Hồ Chí Minh",0916697044
322,huong.chu320@load.eshop.vn,MatKhau123!,Chu Khánh Hương,"229 Phạm Văn Đồng, Phường Linh Đông, Quận Thủ Đức, TP. Hồ Chí Minh",0936771563
323,khoa.nguyen321@load.eshop.vn,MatKhau123!,Nguyễn Văn Khoa,"236 Xô Viết Nghệ Tĩnh, Phường 17, Quận Bình Thạnh, TP. Hồ Chí Minh",0946846082
324,linh.tran322@load.eshop.vn,MatKhau123!,Trần Thị Linh,"243 Cầu Giấy, Phường Dịch Vọng, Quận Cầu Giấy, Hà Nội",0966920601
325,nam.le323@load.eshop.vn,MatKhau123!,Lê Văn Nam,"250 Nguyễn Trãi, Phường Thượng Đình, Quận Thanh Xuân, Hà Nội",0976995120
326,nga.pham324@load.eshop.vn,MatKhau123!,Phạm Thị Nga,"257 Giải Phóng, Phường Phương Liệt, Quận Thanh Xuân, Hà Nội",0987069639
327,phong.hoang325@load.eshop.vn,MatKhau123!,Hoàng Văn Phong,"264 Xuân Thủy, Phường Dịch Vọng Hậu, Quận Cầu Giấy, Hà Nội",0327144158
328,nhung.huynh326@load.eshop.vn,MatKhau123!,Huỳnh Thị Nhung,"271 Bà Triệu, Phường Nguyễn Du, Quận Hai Bà Trưng, Hà Nội",0337218677
329,quan.phan327@load.eshop.vn,MatKhau123!,Phan Văn Quân,"278 Tây Sơn, Phường Quang Trung, Quận Đống Đa, Hà Nội",0347293196
330,phuong.vu328@load.eshop.vn,MatKhau123!,Vũ Thị Phương,"285 Nguyễn Văn Linh, Phường Nam Dương, Quận Hải Châu, Đà Nẵng",0357367715
331,tai.vo329@load.eshop.vn,MatKhau123!,Võ Văn Tài,"292 Lê Duẩn, Phường Thạch Thang, Quận Hải Châu, Đà Nẵng",0367442234
332,thao.dang330@load.eshop.vn,MatKhau123!,Đặng Thị Thảo,"299 Nguyễn Tất Thành, Phường Thanh Bình, Quận Hải Châu, Đà Nẵng",0377516753
333,tien.bui331@load.eshop.vn,MatKhau123!,Bùi Văn Tiến,"18 Trần Hưng Đạo, Phường Vĩnh Ninh, TP. Huế, Thừa Thiên Huế",0387591272
335,uyen.do332@load.eshop.vn,MatKhau123!,Đỗ Thị Uyên,"25 Nguyễn Văn Cừ, Phường An Bình, TP. Biên Hòa, Đồng Nai",0397665791
336,tuan.ho333@load.eshop.vn,MatKhau123!,Hồ Văn Tuấn,"32 Hùng Vương, Phường 1, TP. Vũng Tàu, Bà Rịa - Vũng Tàu",0707740310
334,yen.ngo334@load.eshop.vn,MatKhau123!,Ngô Thị Yến,"39 Trần Phú, Phường Lộc Thọ, TP. Nha Trang, Khánh Hòa",0767814829
337,kien.duong335@load.eshop.vn,MatKhau123!,Dương Văn Kiên,"46 Nguyễn Huệ, Phường Xuân Khánh, Quận Ninh Kiều, Cần Thơ",0777889348
338,diem.ly336@load.eshop.vn,MatKhau123!,Lý Thị Diễm,"53 Hai Bà Trưng, Phường 6, TP. Đà Lạt, Lâm Đồng",0787963867
339,an.dinh337@load.eshop.vn,MatKhau123!,Đinh Văn An,"60 Nguyễn Văn Cừ, Phường Cầu Kho, Quận 1, TP. Hồ Chí Minh",0798038386
340,bich.truong338@load.eshop.vn,MatKhau123!,Trương Thị Bích,"67 Lê Lợi, Phường Bến Nghé, Quận 1, TP. Hồ Chí Minh",0818112905
341,cuong.mai339@load.eshop.vn,MatKhau123!,Mai Văn Cường,"74 Điện Biên Phủ, Phường 15, Quận Bình Thạnh, TP. Hồ Chí Minh",0828187424
343,dung.chu340@load.eshop.vn,MatKhau123!,Chu Thị Dung,"81 Cách Mạng Tháng Tám, Phường 11, Quận 3, TP. Hồ Chí Minh",0838261943
342,dat.nguyen341@load.eshop.vn,MatKhau123!,Nguyễn Hữu Đạt,"88 Nguyễn Thị Minh Khai, Phường Đa Kao, Quận 1, TP. Hồ Chí Minh",0848336462
345,hanh.tran342@load.eshop.vn,MatKhau123!,Trần Thanh Hạnh,"95 Sư Vạn Hạnh, Phường 12, Quận 10, TP. Hồ Chí Minh",0858410981
344,hung.le343@load.eshop.vn,MatKhau123!,Lê Hữu Hùng,"102 Quang Trung, Phường 10, Quận Gò Vấp, TP. Hồ Chí Minh",0868485500
348,huong.pham344@load.eshop.vn,MatKhau123!,Phạm Thanh Hương,"109 Phạm Văn Đồng, Phường Linh Đông, Quận Thủ Đức, TP. Hồ Chí Minh",0888560019
347,khoa.hoang345@load.eshop.vn,MatKhau123!,Hoàng Hữu Khoa,"116 Xô Viết Nghệ Tĩnh, Phường 17, Quận Bình Thạnh, TP. Hồ Chí Minh",0908634538
346,linh.huynh346@load.eshop.vn,MatKhau123!,Huỳnh Thanh Linh,"123 Cầu Giấy, Phường Dịch Vọng, Quận Cầu Giấy, Hà Nội",0918709057
349,nam.phan347@load.eshop.vn,MatKhau123!,Phan Hữu Nam,"130 Nguyễn Trãi, Phường Thượng Đình, Quận Thanh Xuân, Hà Nội",0938783576
350,nga.vu348@load.eshop.vn,MatKhau123!,Vũ Thanh Nga,"137 Giải Phóng, Phường Phương Liệt, Quận Thanh Xuân, Hà Nội",0948858095
353,phong.vo349@load.eshop.vn,MatKhau123!,Võ Hữu Phong,"144 Xuân Thủy, Phường Dịch Vọng Hậu, Quận Cầu Giấy, Hà Nội",0968932614
351,nhung.dang350@load.eshop.vn,MatKhau123!,Đặng Thanh Nhung,"151 Bà Triệu, Phường Nguyễn Du, Quận Hai Bà Trưng, Hà Nội",0979007133
352,quan.bui351@load.eshop.vn,MatKhau123!,Bùi Hữu Quân,"158 Tây Sơn, Phường Quang Trung, Quận Đống Đa, Hà Nội",0989081652
354,phuong.do352@load.eshop.vn,MatKhau123!,Đỗ Thanh Phương,"165 Nguyễn Văn Linh, Phường Nam Dương, Quận Hải Châu, Đà Nẵng",0329156171
355,tai.ho353@load.eshop.vn,MatKhau123!,Hồ Hữu Tài,"172 Lê Duẩn, Phường Thạch Thang, Quận Hải Châu, Đà Nẵng",0339230690
357,thao.ngo354@load.eshop.vn,MatKhau123!,Ngô Thanh Thảo,"179 Nguyễn Tất Thành, Phường Thanh Bình, Quận Hải Châu, Đà Nẵng",0349305209
356,tien.duong355@load.eshop.vn,MatKhau123!,Dương Hữu Tiến,"186 Trần Hưng Đạo, Phường Vĩnh Ninh, TP. Huế, Thừa Thiên Huế",0359379728
358,uyen.ly356@load.eshop.vn,MatKhau123!,Lý Thanh Uyên,"193 Nguyễn Văn Cừ, Phường An Bình, TP. Biên Hòa, Đồng Nai",0369454247
359,tuan.dinh357@load.eshop.vn,MatKhau123!,Đinh Hữu Tuấn,"200 Hùng Vương, Phường 1, TP. Vũng Tàu, Bà Rịa - Vũng Tàu",0379528766
360,yen.truong358@load.eshop.vn,MatKhau123!,Trương Thanh Yến,"207 Trần Phú, Phường Lộc Thọ, TP. Nha Trang, Khánh Hòa",0389603285
361,kien.mai359@load.eshop.vn,MatKhau123!,Mai Hữu Kiên,"214 Nguyễn Huệ, Phường Xuân Khánh, Quận Ninh Kiều, Cần Thơ",0399677804
362,diem.chu360@load.eshop.vn,MatKhau123!,Chu Thanh Diễm,"221 Hai Bà Trưng, Phường 6, TP. Đà Lạt, Lâm Đồng",0709752323
363,an.nguyen361@load.eshop.vn,MatKhau123!,Nguyễn Minh An,"228 Nguyễn Văn Cừ, Phường Cầu Kho, Quận 1, TP. Hồ Chí Minh",0769826842
367,bich.tran362@load.eshop.vn,MatKhau123!,Trần Ngọc Bích,"235 Lê Lợi, Phường Bến Nghé, Quận 1, TP. Hồ Chí Minh",0779901361
368,cuong.le363@load.eshop.vn,MatKhau123!,Lê Minh Cường,"242 Điện Biên Phủ, Phường 15, Quận Bình Thạnh, TP. Hồ Chí Minh",0789975880
366,dung.pham364@load.eshop.vn,MatKhau123!,Phạm Ngọc Dung,"249 Cách Mạng Tháng Tám, Phường 11, Quận 3, TP. Hồ Chí Minh",0791050400
364,dat.hoang365@load.eshop.vn,MatKhau123!,Hoàng Minh Đạt,"256 Nguyễn Thị Minh Khai, Phường Đa Kao, Quận 1, TP. Hồ Chí Minh",0811124919
365,hanh.huynh366@load.eshop.vn,MatKhau123!,Huỳnh Ngọc Hạnh,"263 Sư Vạn Hạnh, Phường 12, Quận 10, TP. Hồ Chí Minh",0821199438
369,hung.phan367@load.eshop.vn,MatKhau123!,Phan Minh Hùng,"270 Quang Trung, Phường 10, Quận Gò Vấp, TP. Hồ Chí Minh",0831273957
370,huong.vu368@load.eshop.vn,MatKhau123!,Vũ Ngọc Hương,"277 Phạm Văn Đồng, Phường Linh Đông, Quận Thủ Đức, TP. Hồ Chí Minh",0841348476
371,khoa.vo369@load.eshop.vn,MatKhau123!,Võ Minh Khoa,"284 Xô Viết Nghệ Tĩnh, Phường 17, Quận Bình Thạnh, TP. Hồ Chí Minh",0851422995
372,linh.dang370@load.eshop.vn,MatKhau123!,Đặng Ngọc Linh,"291 Cầu Giấy, Phường Dịch Vọng, Quận Cầu Giấy, Hà Nội",0861497514
373,nam.bui371@load.eshop.vn,MatKhau123!,Bùi Minh Nam,"298 Nguyễn Trãi, Phường Thượng Đình, Quận Thanh Xuân, Hà Nội",0881572033
374,nga.do372@load.eshop.vn,MatKhau123!,Đỗ Ngọc Nga,"17 Giải Phóng, Phường Phương Liệt, Quận Thanh Xuân, Hà Nội",0901646552
375,phong.ho373@load.eshop.vn,MatKhau123!,Hồ Minh Phong,"24 Xuân Thủy, Phường Dịch Vọng Hậu, Quận Cầu Giấy, Hà Nội",0911721071
378,nhung.ngo374@load.eshop.vn,MatKhau123!,Ngô Ngọc Nhung,"31 Bà Triệu, Phường Nguyễn Du, Quận Hai Bà Trưng, Hà Nội",0931795590
376,quan.duong375@load.eshop.vn,MatKhau123!,Dương Minh Quân,"38 Tây Sơn, Phường Quang Trung, Quận Đống Đa, Hà Nội",0941870109
377,phuong.ly376@load.eshop.vn,MatKhau123!,Lý Ngọc Phương,"45 Nguyễn Văn Linh, Phường Nam Dương, Quận Hải Châu, Đà Nẵng",0961944628
379,tai.dinh377@load.eshop.vn,MatKhau123!,Đinh Minh Tài,"52 Lê Duẩn, Phường Thạch Thang, Quận Hải Châu, Đà Nẵng",0972019147
380,thao.truong378@load.eshop.vn,MatKhau123!,Trương Ngọc Thảo,"59 Nguyễn Tất Thành, Phường Thanh Bình, Quận Hải Châu, Đà Nẵng",0982093666
381,tien.mai379@load.eshop.vn,MatKhau123!,Mai Minh Tiến,"66 Trần Hưng Đạo, Phường Vĩnh Ninh, TP. Huế, Thừa Thiên Huế",0322168185
382,uyen.chu380@load.eshop.vn,MatKhau123!,Chu Ngọc Uyên,"73 Nguyễn Văn Cừ, Phường An Bình, TP. Biên Hòa, Đồng Nai",0332242704
383,tuan.nguyen381@load.eshop.vn,MatKhau123!,Nguyễn Quang Tuấn,"80 Hùng Vương, Phường 1, TP. Vũng Tàu, Bà Rịa - Vũng Tàu",0342317223
384,yen.tran382@load.eshop.vn,MatKhau123!,Trần Thu Yến,"87 Trần Phú, Phường Lộc Thọ, TP. Nha Trang, Khánh Hòa",0352391742
385,kien.le383@load.eshop.vn,MatKhau123!,Lê Quang Kiên,"94 Nguyễn Huệ, Phường Xuân Khánh, Quận Ninh Kiều, Cần Thơ",0362466261
386,diem.pham384@load.eshop.vn,MatKhau123!,Phạm Thu Diễm,"101 Hai Bà Trưng, Phường 6, TP. Đà Lạt, Lâm Đồng",0372540780
394,an.hoang385@load.eshop.vn,MatKhau123!,Hoàng Quang An,"108 Nguyễn Văn Cừ, Phường Cầu Kho, Quận 1, TP. Hồ Chí Minh",0382615299
392,bich.huynh386@load.eshop.vn,MatKhau123!,Huỳnh Thu Bích,"115 Lê Lợi, Phường Bến Nghé, Quận 1, TP. Hồ Chí Minh",0392689818
387,cuong.phan387@load.eshop.vn,MatKhau123!,Phan Quang Cường,"122 Điện Biên Phủ, Phường 15, Quận Bình Thạnh, TP. Hồ Chí Minh",0702764337
388,dung.vu388@load.eshop.vn,MatKhau123!,Vũ Thu Dung,"129 Cách Mạng Tháng Tám, Phường 11, Quận 3, TP. Hồ Chí Minh",0762838856
390,dat.vo389@load.eshop.vn,MatKhau123!,Võ Quang Đạt,"136 Nguyễn Thị Minh Khai, Phường Đa Kao, Quận 1, TP. Hồ Chí Minh",0772913375
389,hanh.dang390@load.eshop.vn,MatKhau123!,Đặng Thu Hạnh,"143 Sư Vạn Hạnh, Phường 12, Quận 10, TP. Hồ Chí Minh",0782987894
391,hung.bui391@load.eshop.vn,MatKhau123!,Bùi Quang Hùng,"150 Quang Trung, Phường 10, Quận Gò Vấp, TP. Hồ Chí Minh",0793062413
393,huong.do392@load.eshop.vn,MatKhau123!,Đỗ Thu Hương,"157 Phạm Văn Đồng, Phường Linh Đông, Quận Thủ Đức, TP. Hồ Chí Minh",0813136932
395,khoa.ho393@load.eshop.vn,MatKhau123!,Hồ Quang Khoa,"164 Xô Viết Nghệ Tĩnh, Phường 17, Quận Bình Thạnh, TP. Hồ Chí Minh",0823211451
396,linh.ngo394@load.eshop.vn,MatKhau123!,Ngô Thu Linh,"171 Cầu Giấy, Phường Dịch Vọng, Quận Cầu Giấy, Hà Nội",0833285970
397,nam.duong395@load.eshop.vn,MatKhau123!,Dương Quang Nam,"178 Nguyễn Trãi, Phường Thượng Đình, Quận Thanh Xuân, Hà Nội",0843360489
401,nga.ly396@load.eshop.vn,MatKhau123!,Lý Thu Nga,"185 Giải Phóng, Phường Phương Liệt, Quận Thanh Xuân, Hà Nội",0853435008
400,phong.dinh397@load.eshop.vn,MatKhau123!,Đinh Quang Phong,"192 Xuân Thủy, Phường Dịch Vọng Hậu, Quận Cầu Giấy, Hà Nội",0863509527
399,nhung.truong398@load.eshop.vn,MatKhau123!,Trương Thu Nhung,"199 Bà Triệu, Phường Nguyễn Du, Quận Hai Bà Trưng, Hà Nội",0883584046
398,quan.mai399@load.eshop.vn,MatKhau123!,Mai Quang Quân,"206 Tây Sơn, Phường Quang Trung, Quận Đống Đa, Hà Nội",0903658565
402,phuong.chu400@load.eshop.vn,MatKhau123!,Chu Thu Phương,"213 Nguyễn Văn Linh, Phường Nam Dương, Quận Hải Châu, Đà Nẵng",0913733084
403,tai.nguyen401@load.eshop.vn,MatKhau123!,Nguyễn Đức Tài,"220 Lê Duẩn, Phường Thạch Thang, Quận Hải Châu, Đà Nẵng",0933807603
406,thao.tran402@load.eshop.vn,MatKhau123!,Trần Kim Thảo,"227 Nguyễn Tất Thành, Phường Thanh Bình, Quận Hải Châu, Đà Nẵng",0943882122
404,tien.le403@load.eshop.vn,MatKhau123!,Lê Đức Tiến,"234 Trần Hưng Đạo, Phường Vĩnh Ninh, TP. Huế, Thừa Thiên Huế",0963956641
405,uyen.pham404@load.eshop.vn,MatKhau123!,Phạm Kim Uyên,"241 Nguyễn Văn Cừ, Phường An Bình, TP. Biên Hòa, Đồng Nai",0974031160
407,tuan.hoang405@load.eshop.vn,MatKhau123!,Hoàng Đức Tuấn,"248 Hùng Vương, Phường 1, TP. Vũng Tàu, Bà Rịa - Vũng Tàu",0984105679
408,yen.huynh406@load.eshop.vn,MatKhau123!,Huỳnh Kim Yến,"255 Trần Phú, Phường Lộc Thọ, TP. Nha Trang, Khánh Hòa",0324180198
409,kien.phan407@load.eshop.vn,MatKhau123!,Phan Đức Kiên,"262 Nguyễn Huệ, Phường Xuân Khánh, Quận Ninh Kiều, Cần Thơ",0334254717
411,diem.vu408@load.eshop.vn,MatKhau123!,Vũ Kim Diễm,"269 Hai Bà Trưng, Phường 6, TP. Đà Lạt, Lâm Đồng",0344329236
414,an.vo409@load.eshop.vn,MatKhau123!,Võ Đức An,"276 Nguyễn Văn Cừ, Phường Cầu Kho, Quận 1, TP. Hồ Chí Minh",0354403755
415,bich.dang410@load.eshop.vn,MatKhau123!,Đặng Kim Bích,"283 Lê Lợi, Phường Bến Nghé, Quận 1, TP. Hồ Chí Minh",0364478274
410,cuong.bui411@load.eshop.vn,MatKhau123!,Bùi Đức Cường,"290 Điện Biên Phủ, Phường 15, Quận Bình Thạnh, TP. Hồ Chí Minh",0374552793
416,dung.do412@load.eshop.vn,MatKhau123!,Đỗ Kim Dung,"297 Cách Mạng Tháng Tám, Phường 11, Quận 3, TP. Hồ Chí Minh",0384627312
412,dat.ho413@load.eshop.vn,MatKhau123!,Hồ Đức Đạt,"16 Nguyễn Thị Minh Khai, Phường Đa Kao, Quận 1, TP. Hồ Chí Minh",0394701831
413,hanh.ngo414@load.eshop.vn,MatKhau123!,Ngô Kim Hạnh,"23 Sư Vạn Hạnh, Phường 12, Quận 10, TP. Hồ Chí Minh",0704776350
417,hung.duong415@load.eshop.vn,MatKhau123!,Dương Đức Hùng,"30 Quang Trung, Phường 10, Quận Gò Vấp, TP. Hồ Chí Minh",0764850869
419,huong.ly416@load.eshop.vn,MatKhau123!,Lý Kim Hương,"37 Phạm Văn Đồng, Phường Linh Đông, Quận Thủ Đức, TP. Hồ Chí Minh",0774925388
418,khoa.dinh417@load.eshop.vn,MatKhau123!,Đinh Đức Khoa,"44 Xô Viết Nghệ Tĩnh, Phường 17, Quận Bình Thạnh, TP. Hồ Chí Minh",0784999907
420,linh.truong418@load.eshop.vn,MatKhau123!,Trương Kim Linh,"51 Cầu Giấy, Phường Dịch Vọng, Quận Cầu Giấy, Hà Nội",0795074426
421,nam.mai419@load.eshop.vn,MatKhau123!,Mai Đức Nam,"58 Nguyễn Trãi, Phường Thượng Đình, Quận Thanh Xuân, Hà Nội",0815148945
422,nga.chu420@load.eshop.vn,MatKhau123!,Chu Kim Nga,"65 Giải Phóng, Phường Phương Liệt, Quận Thanh Xuân, Hà Nội",0825223464
423,phong.nguyen421@load.eshop.vn,MatKhau123!,Nguyễn Thành Phong,"72 Xuân Thủy, Phường Dịch Vọng Hậu, Quận Cầu Giấy, Hà Nội",0835297983
425,nhung.tran422@load.eshop.vn,MatKhau123!,Trần Mỹ Nhung,"79 Bà Triệu, Phường Nguyễn Du, Quận Hai Bà Trưng, Hà Nội",0845372502
426,quan.le423@load.eshop.vn,MatKhau123!,Lê Thành Quân,"86 Tây Sơn, Phường Quang Trung, Quận Đống Đa, Hà Nội",0855447021
427,phuong.pham424@load.eshop.vn,MatKhau123!,Phạm Mỹ Phương,"93 Nguyễn Văn Linh, Phường Nam Dương, Quận Hải Châu, Đà Nẵng",0865521540
424,tai.hoang425@load.eshop.vn,MatKhau123!,Hoàng Thành Tài,"100 Lê Duẩn, Phường Thạch Thang, Quận Hải Châu, Đà Nẵng",0885596059
428,thao.huynh426@load.eshop.vn,MatKhau123!,Huỳnh Mỹ Thảo,"107 Nguyễn Tất Thành, Phường Thanh Bình, Quận Hải Châu, Đà Nẵng",0905670578
429,tien.phan427@load.eshop.vn,MatKhau123!,Phan Thành Tiến,"114 Trần Hưng Đạo, Phường Vĩnh Ninh, TP. Huế, Thừa Thiên Huế",0915745097
430,uyen.vu428@load.eshop.vn,MatKhau123!,Vũ Mỹ Uyên,"121 Nguyễn Văn Cừ, Phường An Bình, TP. Biên Hòa, Đồng Nai",0935819616
431,tuan.vo429@load.eshop.vn,MatKhau123!,Võ Thành Tuấn,"128 Hùng Vương, Phường 1, TP. Vũng Tàu, Bà Rịa - Vũng Tàu",0945894135
432,yen.dang430@load.eshop.vn,MatKhau123!,Đặng Mỹ Yến,"135 Trần Phú, Phường Lộc Thọ, TP. Nha Trang, Khánh Hòa",0965968654
434,kien.bui431@load.eshop.vn,MatKhau123!,Bùi Thành Kiên,"142 Nguyễn Huệ, Phường Xuân Khánh, Quận Ninh Kiều, Cần Thơ",0976043173
433,diem.do432@load.eshop.vn,MatKhau123!,Đỗ Mỹ Diễm,"149 Hai Bà Trưng, Phường 6, TP. Đà Lạt, Lâm Đồng",0986117692
437,an.ho433@load.eshop.vn,MatKhau123!,Hồ Thành An,"156 Nguyễn Văn Cừ, Phường Cầu Kho, Quận 1, TP. Hồ Chí Minh",0326192211
435,bich.ngo434@load.eshop.vn,MatKhau123!,Ngô Mỹ Bích,"163 Lê Lợi, Phường Bến Nghé, Quận 1, TP. Hồ Chí Minh",0336266730
439,cuong.duong435@load.eshop.vn,MatKhau123!,Dương Thành Cường,"170 Điện Biên Phủ, Phường 15, Quận Bình Thạnh, TP. Hồ Chí Minh",0346341249
436,dung.ly436@load.eshop.vn,MatKhau123!,Lý Mỹ Dung,"177 Cách Mạng Tháng Tám, Phường 11, Quận 3, TP. Hồ Chí Minh",0356415768
438,dat.dinh437@load.eshop.vn,MatKhau123!,Đinh Thành Đạt,"184 Nguyễn Thị Minh Khai, Phường Đa Kao, Quận 1, TP. Hồ Chí Minh",0366490287
440,hanh.truong438@load.eshop.vn,MatKhau123!,Trương Mỹ Hạnh,"191 Sư Vạn Hạnh, Phường 12, Quận 10, TP. Hồ Chí Minh",0376564806
441,hung.mai439@load.eshop.vn,MatKhau123!,Mai Thành Hùng,"198 Quang Trung, Phường 10, Quận Gò Vấp, TP. Hồ Chí Minh",0386639325
442,huong.chu440@load.eshop.vn,MatKhau123!,Chu Mỹ Hương,"205 Phạm Văn Đồng, Phường Linh Đông, Quận Thủ Đức, TP. Hồ Chí Minh",0396713844
443,khoa.nguyen441@load.eshop.vn,MatKhau123!,Nguyễn Bá Khoa,"212 Xô Viết Nghệ Tĩnh, Phường 17, Quận Bình Thạnh, TP. Hồ Chí Minh",0706788363
445,linh.tran442@load.eshop.vn,MatKhau123!,Trần Diệu Linh,"219 Cầu Giấy, Phường Dịch Vọng, Quận Cầu Giấy, Hà Nội",0766862882
446,nam.le443@load.eshop.vn,MatKhau123!,Lê Bá Nam,"226 Nguyễn Trãi, Phường Thượng Đình, Quận Thanh Xuân, Hà Nội",0776937401
444,nga.pham444@load.eshop.vn,MatKhau123!,Phạm Diệu Nga,"233 Giải Phóng, Phường Phương Liệt, Quận Thanh Xuân, Hà Nội",0787011920
447,phong.hoang445@load.eshop.vn,MatKhau123!,Hoàng Bá Phong,"240 Xuân Thủy, Phường Dịch Vọng Hậu, Quận Cầu Giấy, Hà Nội",0797086439
449,nhung.huynh446@load.eshop.vn,MatKhau123!,Huỳnh Diệu Nhung,"247 Bà Triệu, Phường Nguyễn Du, Quận Hai Bà Trưng, Hà Nội",0817160958
448,quan.phan447@load.eshop.vn,MatKhau123!,Phan Bá Quân,"254 Tây Sơn, Phường Quang Trung, Quận Đống Đa, Hà Nội",0827235477
450,phuong.vu448@load.eshop.vn,MatKhau123!,Vũ Diệu Phương,"261 Nguyễn Văn Linh, Phường Nam Dương, Quận Hải Châu, Đà Nẵng",0837309996
451,tai.vo449@load.eshop.vn,MatKhau123!,Võ Bá Tài,"268 Lê Duẩn, Phường Thạch Thang, Quận Hải Châu, Đà Nẵng",0847384515
452,thao.dang450@load.eshop.vn,MatKhau123!,Đặng Diệu Thảo,"275 Nguyễn Tất Thành, Phường Thanh Bình, Quận Hải Châu, Đà Nẵng",0857459034
453,tien.bui451@load.eshop.vn,MatKhau123!,Bùi Bá Tiến,"282 Trần Hưng Đạo, Phường Vĩnh Ninh, TP. Huế, Thừa Thiên Huế",0867533553
454,uyen.do452@load.eshop.vn,MatKhau123!,Đỗ Diệu Uyên,"289 Nguyễn Văn Cừ, Phường An Bình, TP. Biên Hòa, Đồng Nai",0887608072
457,tuan.ho453@load.eshop.vn,MatKhau123!,Hồ Bá Tuấn,"296 Hùng Vương, Phường 1, TP. Vũng Tàu, Bà Rịa - Vũng Tàu",0907682591
455,yen.ngo454@load.eshop.vn,MatKhau123!,Ngô Diệu Yến,"15 Trần Phú, Phường Lộc Thọ, TP. Nha Trang, Khánh Hòa",0917757110
456,kien.duong455@load.eshop.vn,MatKhau123!,Dương Bá Kiên,"22 Nguyễn Huệ, Phường Xuân Khánh, Quận Ninh Kiều, Cần Thơ",0937831629
458,diem.ly456@load.eshop.vn,MatKhau123!,Lý Diệu Diễm,"29 Hai Bà Trưng, Phường 6, TP. Đà Lạt, Lâm Đồng",0947906148
459,an.dinh457@load.eshop.vn,MatKhau123!,Đinh Bá An,"36 Nguyễn Văn Cừ, Phường Cầu Kho, Quận 1, TP. Hồ Chí Minh",0967980667
460,bich.truong458@load.eshop.vn,MatKhau123!,Trương Diệu Bích,"43 Lê Lợi, Phường Bến Nghé, Quận 1, TP. Hồ Chí Minh",0978055186
462,cuong.mai459@load.eshop.vn,MatKhau123!,Mai Bá Cường,"50 Điện Biên Phủ, Phường 15, Quận Bình Thạnh, TP. Hồ Chí Minh",0988129705
463,dung.chu460@load.eshop.vn,MatKhau123!,Chu Diệu Dung,"57 Cách Mạng Tháng Tám, Phường 11, Quận 3, TP. Hồ Chí Minh",0328204224
461,dat.nguyen461@load.eshop.vn,MatKhau123!,Nguyễn Xuân Đạt,"64 Nguyễn Thị Minh Khai, Phường Đa Kao, Quận 1, TP. Hồ Chí Minh",0338278743
464,hanh.tran462@load.eshop.vn,MatKhau123!,Trần Khánh Hạnh,"71 Sư Vạn Hạnh, Phường 12, Quận 10, TP. Hồ Chí Minh",0348353262
466,hung.le463@load.eshop.vn,MatKhau123!,Lê Xuân Hùng,"78 Quang Trung, Phường 10, Quận Gò Vấp, TP. Hồ Chí Minh",0358427781
467,huong.pham464@load.eshop.vn,MatKhau123!,Phạm Khánh Hương,"85 Phạm Văn Đồng, Phường Linh Đông, Quận Thủ Đức, TP. Hồ Chí Minh",0368502300
465,khoa.hoang465@load.eshop.vn,MatKhau123!,Hoàng Xuân Khoa,"92 Xô Viết Nghệ Tĩnh, Phường 17, Quận Bình Thạnh, TP. Hồ Chí Minh",0378576819
468,linh.huynh466@load.eshop.vn,MatKhau123!,Huỳnh Khánh Linh,"99 Cầu Giấy, Phường Dịch Vọng, Quận Cầu Giấy, Hà Nội",0388651338
470,nam.phan467@load.eshop.vn,MatKhau123!,Phan Xuân Nam,"106 Nguyễn Trãi, Phường Thượng Đình, Quận Thanh Xuân, Hà Nội",0398725857
469,nga.vu468@load.eshop.vn,MatKhau123!,Vũ Khánh Nga,"113 Giải Phóng, Phường Phương Liệt, Quận Thanh Xuân, Hà Nội",0708800376
471,phong.vo469@load.eshop.vn,MatKhau123!,Võ Xuân Phong,"120 Xuân Thủy, Phường Dịch Vọng Hậu, Quận Cầu Giấy, Hà Nội",0768874895
472,nhung.dang470@load.eshop.vn,MatKhau123!,Đặng Khánh Nhung,"127 Bà Triệu, Phường Nguyễn Du, Quận Hai Bà Trưng, Hà Nội",0778949414
475,quan.bui471@load.eshop.vn,MatKhau123!,Bùi Xuân Quân,"134 Tây Sơn, Phường Quang Trung, Quận Đống Đa, Hà Nội",0789023933
476,phuong.do472@load.eshop.vn,MatKhau123!,Đỗ Khánh Phương,"141 Nguyễn Văn Linh, Phường Nam Dương, Quận Hải Châu, Đà Nẵng",0799098452
473,tai.ho473@load.eshop.vn,MatKhau123!,Hồ Xuân Tài,"148 Lê Duẩn, Phường Thạch Thang, Quận Hải Châu, Đà Nẵng",0819172971
474,thao.ngo474@load.eshop.vn,MatKhau123!,Ngô Khánh Thảo,"155 Nguyễn Tất Thành, Phường Thanh Bình, Quận Hải Châu, Đà Nẵng",0829247490
477,tien.duong475@load.eshop.vn,MatKhau123!,Dương Xuân Tiến,"162 Trần Hưng Đạo, Phường Vĩnh Ninh, TP. Huế, Thừa Thiên Huế",0839322009
479,uyen.ly476@load.eshop.vn,MatKhau123!,Lý Khánh Uyên,"169 Nguyễn Văn Cừ, Phường An Bình, TP. Biên Hòa, Đồng Nai",0849396528
478,tuan.dinh477@load.eshop.vn,MatKhau123!,Đinh Xuân Tuấn,"176 Hùng Vương, Phường 1, TP. Vũng Tàu, Bà Rịa - Vũng Tàu",0859471047
481,yen.truong478@load.eshop.vn,MatKhau123!,Trương Khánh Yến,"183 Trần Phú, Phường Lộc Thọ, TP. Nha Trang, Khánh Hòa",0869545566
480,kien.mai479@load.eshop.vn,MatKhau123!,Mai Xuân Kiên,"190 Nguyễn Huệ, Phường Xuân Khánh, Quận Ninh Kiều, Cần Thơ",0889620085
484,diem.chu480@load.eshop.vn,MatKhau123!,Chu Khánh Diễm,"197 Hai Bà Trưng, Phường 6, TP. Đà Lạt, Lâm Đồng",0909694604
482,an.nguyen481@load.eshop.vn,MatKhau123!,Nguyễn Văn An,"204 Nguyễn Văn Cừ, Phường Cầu Kho, Quận 1, TP. Hồ Chí Minh",0919769123
483,bich.tran482@load.eshop.vn,MatKhau123!,Trần Thị Bích,"211 Lê Lợi, Phường Bến Nghé, Quận 1, TP. Hồ Chí Minh",0939843642
485,cuong.le483@load.eshop.vn,MatKhau123!,Lê Văn Cường,"218 Điện Biên Phủ, Phường 15, Quận Bình Thạnh, TP. Hồ Chí Minh",0949918161
486,dung.pham484@load.eshop.vn,MatKhau123!,Phạm Thị Dung,"225 Cách Mạng Tháng Tám, Phường 11, Quận 3, TP. Hồ Chí Minh",0969992680
489,dat.hoang485@load.eshop.vn,MatKhau123!,Hoàng Văn Đạt,"232 Nguyễn Thị Minh Khai, Phường Đa Kao, Quận 1, TP. Hồ Chí Minh",0971067200
490,hanh.huynh486@load.eshop.vn,MatKhau123!,Huỳnh Thị Hạnh,"239 Sư Vạn Hạnh, Phường 12, Quận 10, TP. Hồ Chí Minh",0981141719
491,hung.phan487@load.eshop.vn,MatKhau123!,Phan Văn Hùng,"246 Quang Trung, Phường 10, Quận Gò Vấp, TP. Hồ Chí Minh",0321216238
487,huong.vu488@load.eshop.vn,MatKhau123!,Vũ Thị Hương,"253 Phạm Văn Đồng, Phường Linh Đông, Quận Thủ Đức, TP. Hồ Chí Minh",0331290757
488,khoa.vo489@load.eshop.vn,MatKhau123!,Võ Văn Khoa,"260 Xô Viết Nghệ Tĩnh, Phường 17, Quận Bình Thạnh, TP. Hồ Chí Minh",0341365276
492,linh.dang490@load.eshop.vn,MatKhau123!,Đặng Thị Linh,"267 Cầu Giấy, Phường Dịch Vọng, Quận Cầu Giấy, Hà Nội",0351439795
496,nam.bui491@load.eshop.vn,MatKhau123!,Bùi Văn Nam,"274 Nguyễn Trãi, Phường Thượng Đình, Quận Thanh Xuân, Hà Nội",0361514314
495,nga.do492@load.eshop.vn,MatKhau123!,Đỗ Thị Nga,"281 Giải Phóng, Phường Phương Liệt, Quận Thanh Xuân, Hà Nội",0371588833
494,phong.ho493@load.eshop.vn,MatKhau123!,Hồ Văn Phong,"288 Xuân Thủy, Phường Dịch Vọng Hậu, Quận Cầu Giấy, Hà Nội",0381663352
493,nhung.ngo494@load.eshop.vn,MatKhau123!,Ngô Thị Nhung,"295 Bà Triệu, Phường Nguyễn Du, Quận Hai Bà Trưng, Hà Nội",0391737871
497,quan.duong495@load.eshop.vn,MatKhau123!,Dương Văn Quân,"14 Tây Sơn, Phường Quang Trung, Quận Đống Đa, Hà Nội",0701812390
498,phuong.ly496@load.eshop.vn,MatKhau123!,Lý Thị Phương,"21 Nguyễn Văn Linh, Phường Nam Dương, Quận Hải Châu, Đà Nẵng",0761886909
499,tai.dinh497@load.eshop.vn,MatKhau123!,Đinh Văn Tài,"28 Lê Duẩn, Phường Thạch Thang, Quận Hải Châu, Đà Nẵng",0771961428
502,thao.truong498@load.eshop.vn,MatKhau123!,Trương Thị Thảo,"35 Nguyễn Tất Thành, Phường Thanh Bình, Quận Hải Châu, Đà Nẵng",0782035947
500,tien.mai499@load.eshop.vn,MatKhau123!,Mai Văn Tiến,"42 Trần Hưng Đạo, Phường Vĩnh Ninh, TP. Huế, Thừa Thiên Huế",0792110466
501,uyen.chu500@load.eshop.vn,MatKhau123!,Chu Thị Uyên,"49 Nguyễn Văn Cừ, Phường An Bình, TP. Biên Hòa, Đồng Nai",0812184985
